strain	replicate	temp	mumax	r2
1	Bg11-12	OD1	-1	0.032614913544605	0.990021589426158
2	Bg11-12	OD2	-1	0.0312387293945814	0.994008026235605
3	Bg11-12	OD3	-1	0.0284562235443405	0.995424743670899
4	Bg11-12	OD4	-1	0.0259725841991044	0.996908941960755
5	Bg11-12	OD5	-1	0.0279746750871811	0.996599364555264
6	Bg11-12	OD6	-1	0.0274841172656622	0.995874442231475
7	Bg11-12	OD7	-1	0.0319241268937787	0.99405170096939
8	Bg11-12	OD8	-1	0.0341282694893014	0.993032879869196
9	Bg11-12	OD1	4	0.0485689037158165	0.995752006388803
10	Bg11-12	OD2	4	0.0535049836935287	0.923824777494208
11	Bg11-12	OD3	4	0.0521665872485753	0.929516646816047
12	Bg11-12	OD4	4	0.0511008405808879	0.910522181782693
13	Bg11-12	OD5	4	0.0513766347015497	0.906835918980605
14	Bg11-12	OD6	4	0.048629375650896	0.913125308332882
15	Bg11-12	OD7	4	0.051774212798474	0.914270823705571
16	Bg11-12	OD8	4	0.0481481025045197	0.989635594142992
17	Bg11-12	OD1	11	0.0678383028105638	0.984529788505601
18	Bg11-12	OD2	11	0.06764658570162	0.984129825433292
19	Bg11-12	OD3	11	0.0667580884719687	0.980284334081247
20	Bg11-12	OD4	11	0.0666402462586622	0.974941698816395
21	Bg11-12	OD5	11	0.0671804160468781	0.980448389017639
22	Bg11-12	OD6	11	0.0663324931916554	0.978168503778802
23	Bg11-12	OD7	11	0.067201600921955	0.981188266536051
24	Bg11-12	OD8	11	0.0634817829614415	0.976313800329034
25	Bg11-12	OD1	17	0.0475946150902535	0.993032441130802
26	Bg11-12	OD2	17	0.0626594847826582	0.992964571160066
27	Bg11-12	OD3	17	0.0597867222175029	0.99501222056696
28	Bg11-12	OD4	17	0.0612932569654838	0.99548450698342
29	Bg11-12	OD5	17	0.0587231411069971	0.994772085036011
30	Bg11-12	OD6	17	0.0558183695583812	0.995761125187005
31	Bg11-12	OD7	17	0.0593070027558079	0.994276570875721
32	Bg11-12	OD8	17	0.051371965103349	0.997288586458795
33	Bg11-28	OD1	-1	0.0333537814577789	0.996671037392672
34	Bg11-28	OD2	-1	0.0328084647365051	0.995732974829781
35	Bg11-28	OD3	-1	0.03194382116911	0.994133456975084
36	Bg11-28	OD4	-1	0.0376022047768471	0.995374752337852
37	Bg11-28	OD5	-1	0.0336045043222179	0.991467393782309
38	Bg11-28	OD6	-1	0.0300054057650715	0.996574258558425
39	Bg11-28	OD7	-1	0.0328159122036073	0.997674673467913
40	Bg11-28	OD8	-1	0.0316973551724228	0.997275470579907
41	Bg11-28	OD1	4	0.0412035517100783	0.993210548270931
42	Bg11-28	OD2	4	0.0525064674823133	0.928621314134928
43	Bg11-28	OD3	4	0.0406238722704598	0.893009857905231
44	Bg11-28	OD4	4	0.0402197338107127	0.903892620515801
45	Bg11-28	OD5	4	0.043463272647063	0.910536200422791
46	Bg11-28	OD6	4	0.0440181323384349	0.916866999020683
47	Bg11-28	OD7	4	0.0516471071958845	0.920927655712206
48	Bg11-28	OD8	4	0.0416991714274676	0.991753328846261
49	Bg11-28	OD1	11	0.0550188657412984	0.983573259258895
50	Bg11-28	OD2	11	0.0585712229528322	0.983495441348046
51	Bg11-28	OD3	11	0.0623200054057825	0.979775444885286
52	Bg11-28	OD4	11	0.0648208195233424	0.967452460759469
53	Bg11-28	OD5	11	0.0660129887580575	0.971982469285127
54	Bg11-28	OD6	11	0.0625354593809185	0.973669850566818
55	Bg11-28	OD7	11	0.0571239531031299	0.982233385823272
56	Bg11-28	OD8	11	0.0584896871163913	0.976207551168341
57	Bg11-28	OD1	17	0.0128004549328145	0.992893954436924
58	Bg11-28	OD2	17	0.0245759189197125	0.987849770591113
59	Bg11-28	OD3	17	0.0185818326585749	0.986319408553568
60	Bg11-28	OD4	17	0.0214000118315449	0.991423503867926
61	Bg11-28	OD5	17	0.0217984214709608	0.986595825389986
62	Bg11-28	OD6	17	0.0186747497468745	0.990603531283765
63	Bg11-28	OD7	17	0.0151015126513894	0.993772666392856
64	Bg11-28	OD8	17	0.0111834002377983	0.992363140611342
65	BRX10.1	OD1	-1	0.0428807422127164	0.979807443525595
66	BRX10.1	OD2	-1	0.038417914281439	0.968284846904559
67	BRX10.1	OD3	-1	0.0356961932446143	0.974796828516345
68	BRX10.1	OD4	-1	0.0347439064461491	0.96408553356036
69	BRX10.1	OD5	-1	0.0368034374935839	0.966035159971143
70	BRX10.1	OD6	-1	0.0371351957161343	0.970809538709469
71	BRX10.1	OD7	-1	0.0361852029403658	0.960681314434313
72	BRX10.1	OD8	-1	0.0409942684743857	0.993726787471042
73	BRX10.1	OD1	4	0.0519049314928814	0.974365836929729
74	BRX10.1	OD2	4	0.0466979637159515	0.982858710575541
75	BRX10.1	OD3	4	0.0442762421214825	0.979288091242341
76	BRX10.1	OD4	4	0.0396398535427509	0.966450874255293
77	BRX10.1	OD5	4	0.0380879952118769	0.954831269803676
78	BRX10.1	OD6	4	0.0419391776958674	0.983735510341066
79	BRX10.1	OD7	4	0.0468092262395344	0.96286387515241
80	BRX10.1	OD8	4	0.0468838724536874	0.986454873321351
81	BRX10.1	OD1	11	0.0509021423385879	0.990405546773383
82	BRX10.1	OD2	11	0.0489799075407477	0.988239579777851
83	BRX10.1	OD3	11	0.0510627206150919	0.988702227645287
84	BRX10.1	OD4	11	0.0522247193318812	0.987988775776175
85	BRX10.1	OD5	11	0.0531244671798449	0.987984303643705
86	BRX10.1	OD6	11	0.0504127223142845	0.989166410180686
87	BRX10.1	OD7	11	0.0507127471474662	0.986372856652383
88	BRX10.1	OD8	11	0.0478823201397902	0.992779016750041
89	BRX10.1	OD1	17	0.0329109433864935	0.995858252647565
90	BRX10.1	OD2	17	0.0311470719654028	0.995446131976579
91	BRX10.1	OD3	17	0.0379992961241477	0.992177886392642
92	BRX10.1	OD4	17	0.028745194582055	0.994981457789817
93	BRX10.1	OD5	17	0.0513564593664828	0.987319326562713
94	BRX10.1	OD6	17	0.0395680921115363	0.993858937187267
95	BRX10.1	OD7	17	0.0386852889652049	0.991081556521442
96	BRX10.1	OD8	17	0.0353715953955816	0.990653591999402
97	BRX10.2	OD1	-1	0.0443136496292061	0.979851499384188
98	BRX10.2	OD2	-1	0.039193008810052	0.9898046287871
99	BRX10.2	OD3	-1	0.0369433594279865	0.978043265014187
100	BRX10.2	OD4	-1	0.0316646094113155	0.963622298996053
101	BRX10.2	OD5	-1	0.027779160103074	0.97957871009206
102	BRX10.2	OD6	-1	0.0304456819805586	0.987021816017232
103	BRX10.2	OD7	-1	0.0310953046386457	0.978816923131052
104	BRX10.2	OD8	-1	0.0397141551772514	0.983231149814838
105	BRX10.2	OD1	4	0.05573628314419	0.978681993916406
106	BRX10.2	OD2	4	0.0521579767830234	0.97933339080717
107	BRX10.2	OD3	4	0.0441014331809645	0.990534127395721
108	BRX10.2	OD4	4	0.043140207089142	0.972333234740951
109	BRX10.2	OD5	4	0.0428528867966738	0.983986107058577
110	BRX10.2	OD6	4	0.0391409785394953	0.984263096092036
111	BRX10.2	OD7	4	0.0462169283963793	0.971677754373946
112	BRX10.2	OD8	4	0.0525006868904296	0.98553577089693
113	BRX10.2	OD1	11	0.0525476529800835	0.98866422528031
114	BRX10.2	OD2	11	0.0490996887122159	0.986758464074703
115	BRX10.2	OD3	11	0.0499957718714172	0.992198795578517
116	BRX10.2	OD4	11	0.0510006001340002	0.99296159668048
117	BRX10.2	OD5	11	0.0525584951212022	0.991212853306271
118	BRX10.2	OD6	11	0.0528710051834623	0.988285391340705
119	BRX10.2	OD7	11	0.0547159086757474	0.984587478317127
120	BRX10.2	OD8	11	0.0494809002158913	0.991061790560126
121	BRX10.2	OD1	17	0.0305222951028345	0.995682991737661
122	BRX10.2	OD2	17	0.0283726735118711	0.995198700442517
123	BRX10.2	OD3	17	0.0290662778443926	0.996152182374278
124	BRX10.2	OD4	17	0.0401445978178975	0.993515567682949
125	BRX10.2	OD5	17	0.0297637156556199	0.994530345497929
126	BRX10.2	OD6	17	0.0290872142729222	0.995187740731354
127	BRX10.2	OD7	17	0.0285761984254808	0.996020660712826
128	BRX10.2	OD8	17	0.0309299485450083	0.99615541350632
129	BRX10.3	OD1	-1	0.0260368859646602	0.995182551401605
130	BRX10.3	OD2	-1	0.0211594359027907	0.991610163601264
131	BRX10.3	OD3	-1	0.0218839860080367	0.995036511782813
132	BRX10.3	OD4	-1	0.0226764997772826	0.994441605991161
133	BRX10.3	OD5	-1	0.0204217304663582	0.994435294505366
134	BRX10.3	OD6	-1	0.0193851678971688	0.997278550484364
135	BRX10.3	OD7	-1	0.022208666834531	0.994081905326113
136	BRX10.3	OD8	-1	0.0225455927007501	0.993553404481963
137	BRX10.3	OD1	4	0.034205933457004	0.9925320506451
138	BRX10.3	OD2	4	0.0182125947653531	0.804053149049995
139	BRX10.3	OD3	4	0.0286917321922335	0.994820125368164
140	BRX10.3	OD4	4	0.0210306301886091	0.966181783445828
141	BRX10.3	OD5	4	0.0215121881194545	0.984906230895125
142	BRX10.3	OD6	4	0.0181917338417651	0.736577097122991
143	BRX10.3	OD7	4	0.0213426147192767	0.881531287841456
144	BRX10.3	OD8	4	0.0131568518604412	0.749210742772418
145	BRX10.3	OD1	11	0.0255080726349307	0.993933199552206
146	BRX10.3	OD2	11	0.0277849401944818	0.993698827511063
147	BRX10.3	OD3	11	0.0280936207610319	0.996181109673753
148	BRX10.3	OD4	11	0.0291778537962816	0.996370756531489
149	BRX10.3	OD5	11	0.0323562038149346	0.997803712079525
150	BRX10.3	OD6	11	0.0272691547521415	0.995446032200571
151	BRX10.3	OD7	11	0.0279229483469287	0.995249859619502
152	BRX10.3	OD8	11	0.0271375220418567	0.995691593176696
153	BRX10.3	OD1	17	0.0248710666672581	0.915716421447892
154	BRX10.3	OD2	17	0.030781965196554	0.996396399351336
155	BRX10.3	OD3	17	0.0282467148816108	0.997639630226204
156	BRX10.3	OD4	17	0.0281900284389129	0.997499135444698
157	BRX10.3	OD5	17	0.0392828122547783	0.996632407688656
158	BRX10.3	OD6	17	0.0292184550322834	0.994815639705206
159	BRX10.3	OD7	17	0.0294027409711401	0.995073008639863
160	BRX10.3	OD8	17	0.0278906835946428	0.994044704693073
161	BRX10.4	OD1	-1	0.0337920296588179	0.981887166937461
162	BRX10.4	OD2	-1	0.0424912751865428	0.979142856382361
163	BRX10.4	OD3	-1	0.0328717455805924	0.982837986363888
164	BRX10.4	OD4	-1	0.0234778248126762	0.981944372708113
165	BRX10.4	OD5	-1	0.0221908016305367	0.955764787611102
166	BRX10.4	OD6	-1	0.0250303504819872	0.961935837718062
167	BRX10.4	OD7	-1	0.0238901835459346	0.973894757839653
168	BRX10.4	OD8	-1	0.0268114971765742	0.987486653935415
169	BRX10.4	OD1	4	0.0498510974678685	0.985480451116996
170	BRX10.4	OD2	4	0.0365498893607645	0.980238192512851
171	BRX10.4	OD3	4	0.0314633701722224	0.972475694947678
172	BRX10.4	OD4	4	0.0312912710086308	0.987477415600819
173	BRX10.4	OD5	4	0.0310839569043617	0.97254155583502
174	BRX10.4	OD6	4	0.0292116895182286	0.934709232476774
175	BRX10.4	OD7	4	0.0350987948546219	0.963319071324948
176	BRX10.4	OD8	4	0.044032891775319	0.988596985540846
177	BRX10.4	OD1	11	0.0424744255332124	0.921777835397925
178	BRX10.4	OD2	11	0.0423736974559895	0.929990554536676
179	BRX10.4	OD3	11	0.0339643315341821	0.710213677876724
180	BRX10.4	OD4	11	0.0299282423478368	0.770553996787953
181	BRX10.4	OD5	11	0.027953190809938	0.798169978605974
182	BRX10.4	OD6	11	0.0352317760217445	0.822458866775407
183	BRX10.4	OD7	11	0.0402072805669924	0.916930915861554
184	BRX10.4	OD8	11	0.057202630697163	0.995007001437903
185	BRX10.4	OD1	17	0.00415537315700335	0.633166495481896
186	BRX10.4	OD2	17	0.00671154498362116	0.894553014883676
187	BRX10.4	OD3	17	0.00361718171332514	0.994629984699331
188	BRX10.4	OD4	17	0.00823741528953546	0.833868659903724
189	BRX10.4	OD5	17	0.00610994968774799	0.531425757993353
190	BRX10.4	OD6	17	0.00582862328316351	0.878780453194297
191	BRX10.4	OD7	17	0.00215974710914404	0.92858029359554
192	BRX10.4	OD8	17	0.00820700260762227	0.628371184450613
193	BRX10.5	OD1	-1	0.0435836663933928	0.984856080344317
194	BRX10.5	OD2	-1	0.0325534837361652	0.993077685230064
195	BRX10.5	OD3	-1	0.0334115268024814	0.987094751218574
196	BRX10.5	OD4	-1	0.0335899893272092	0.987630823132803
197	BRX10.5	OD5	-1	0.0279582693601458	0.987471749012914
198	BRX10.5	OD6	-1	0.0315104194578617	0.979116776388136
199	BRX10.5	OD7	-1	0.0324947435632393	0.98377956364353
200	BRX10.5	OD8	-1	0.0430414668393363	0.994338798593465
201	BRX10.5	OD1	4	0.044990347447449	0.945673422587428
202	BRX10.5	OD2	4	0.0399778588872522	0.953985077528466
203	BRX10.5	OD3	4	0.0407035244347223	0.963326570322528
204	BRX10.5	OD4	4	0.0350412088474134	0.957055716303958
205	BRX10.5	OD5	4	0.0370659216500759	0.950591612250174
206	BRX10.5	OD6	4	0.0357937201066338	0.955751771989322
207	BRX10.5	OD7	4	0.035238232972603	0.973426050099134
208	BRX10.5	OD8	4	0.0318003631749555	0.957037418865754
209	BRX10.5	OD1	11	0.0479235263842366	0.985540760330763
210	BRX10.5	OD2	11	0.050303869265749	0.984022008942747
211	BRX10.5	OD3	11	0.0428328704498739	0.909341083695919
212	BRX10.5	OD4	11	0.0456811951675588	0.907556871717909
213	BRX10.5	OD5	11	0.0453099056612064	0.903327305442107
214	BRX10.5	OD6	11	0.0435882875689545	0.920723811731766
215	BRX10.5	OD7	11	0.045292992601192	0.988198525491867
216	BRX10.5	OD8	11	0.0501248688680856	0.989047051198475
217	BRX10.5	OD1	17	0.0285732493630394	0.994431771456796
218	BRX10.5	OD2	17	0.0292999549416924	0.996343880880034
219	BRX10.5	OD3	17	0.0282590295288671	0.996310822165207
220	BRX10.5	OD4	17	0.0308672017830458	0.997197214139255
221	BRX10.5	OD5	17	0.0304891922886356	0.996446518204529
222	BRX10.5	OD6	17	0.0323113149858132	0.996385629042487
223	BRX10.5	OD7	17	0.0331547770353369	0.996877112437454
224	BRX10.5	OD8	17	0.0300147629751085	0.995479104777295
225	BRX10.6	OD1	-1	0.0513348099015433	0.99651011119363
226	BRX10.6	OD2	-1	0.0512062918113717	0.992449888128906
227	BRX10.6	OD3	-1	0.0484434665503618	0.972650980582352
228	BRX10.6	OD4	-1	0.0370979518988087	0.97941988741561
229	BRX10.6	OD5	-1	0.0404118094035244	0.986617502307336
230	BRX10.6	OD6	-1	0.0421167739762665	0.979765436769868
231	BRX10.6	OD7	-1	0.0397359815899226	0.975960823921166
232	BRX10.6	OD8	-1	0.0402527375568699	0.988597322288014
233	BRX10.6	OD1	4	0.0486517559336531	0.979913999980349
234	BRX10.6	OD2	4	0.0487899667073981	0.98725252683506
235	BRX10.6	OD3	4	0.0449569845601735	0.987867199687584
236	BRX10.6	OD4	4	0.037896539639164	0.987262618436224
237	BRX10.6	OD5	4	0.0378419210491491	0.970652192017635
238	BRX10.6	OD6	4	0.044653642484699	0.98987227725085
239	BRX10.6	OD7	4	0.0492076356644846	0.983966071304121
240	BRX10.6	OD8	4	0.0470116211752634	0.978708433549074
241	BRX10.6	OD1	11	0.0617052108634052	0.952155162933695
242	BRX10.6	OD2	11	0.0628267585591417	0.927193459991756
243	BRX10.6	OD3	11	0.0486678170547403	0.785241706933782
244	BRX10.6	OD4	11	0.0428596739039757	0.747645904502123
245	BRX10.6	OD5	11	0.0413586998134008	0.875472721153018
246	BRX10.6	OD6	11	0.0392833682333226	0.804259069234207
247	BRX10.6	OD7	11	0.0598892579528519	0.969734704337797
248	BRX10.6	OD8	11	0.0537703508106711	0.98147917586157
249	BRX10.6	OD1	17	0.0255837412663864	0.995363315973335
250	BRX10.6	OD2	17	0.0325870700009278	0.995883990565316
251	BRX10.6	OD3	17	0.0363696471028334	0.994659266131961
252	BRX10.6	OD4	17	0.0369597477144087	0.993819828826337
253	BRX10.6	OD5	17	0.0383272333221925	0.99360647162206
254	BRX10.6	OD6	17	0.0365431779431242	0.993485196292491
255	BRX10.6	OD7	17	0.0352157941628112	0.993026529286008
256	BRX10.6	OD8	17	0.030167327908565	0.995145587958244
257	BRX10.7	OD1	-1	0.031669963350896	0.993669017785178
258	BRX10.7	OD2	-1	0.0340102045563759	0.994157066348505
259	BRX10.7	OD3	-1	0.0303896871676159	0.990895014976561
260	BRX10.7	OD4	-1	0.0282007874606623	0.9806972040381
261	BRX10.7	OD5	-1	0.0286826136171977	0.981890219109578
262	BRX10.7	OD6	-1	0.0314782925451377	0.98437418213606
263	BRX10.7	OD7	-1	0.0359241223460153	0.992033312600031
264	BRX10.7	OD8	-1	0.0413847556212648	0.995432272163201
265	BRX10.7	OD1	4	0.0360209871965668	0.96159431382158
266	BRX10.7	OD2	4	0.0381281818397496	0.964949771314521
267	BRX10.7	OD3	4	0.03728262807661	0.97207596506306
268	BRX10.7	OD4	4	0.0366706693353426	0.987819851006505
269	BRX10.7	OD5	4	0.0346448312217194	0.980632531289989
270	BRX10.7	OD6	4	0.0403754783663276	0.991990213574235
271	BRX10.7	OD7	4	0.0467442402698936	0.993884740595366
272	BRX10.7	OD8	4	0.0514974744956878	0.978302360626513
273	BRX10.7	OD1	11	0.0506126205722776	0.99158003821601
274	BRX10.7	OD2	11	0.0497756571264512	0.990116340637876
275	BRX10.7	OD3	11	0.0454720548525827	0.951294676898932
276	BRX10.7	OD4	11	0.0529489134855549	0.930579668235044
277	BRX10.7	OD5	11	0.0480871795697309	0.941950508556842
278	BRX10.7	OD6	11	0.0514880478930735	0.952460276798139
279	BRX10.7	OD7	11	0.0483315833149036	0.992651673582041
280	BRX10.7	OD8	11	0.0499809194334635	0.995392218666046
281	BRX10.7	OD1	17	0.0467891844156923	0.965270276973387
282	BRX10.7	OD2	17	0.037672323151272	0.994361965547492
283	BRX10.7	OD3	17	0.0318062593140239	0.995445035700825
284	BRX10.7	OD4	17	0.0289575643043818	0.995252146598457
285	BRX10.7	OD5	17	0.0281283607189057	0.995715070618252
286	BRX10.7	OD6	17	0.0316281350010072	0.995760905018521
287	BRX10.7	OD7	17	0.0322365123829255	0.996396491232606
288	BRX10.7	OD8	17	0.0314144447316662	0.995173272322134
289	BRX10.8	OD1	-1	0.0508740552698072	0.977681119126113
290	BRX10.8	OD2	-1	0.04134734213494	0.985123461673327
291	BRX10.8	OD3	-1	0.0404875870541415	0.976063944425242
292	BRX10.8	OD4	-1	0.0430030922849696	0.978917388012715
293	BRX10.8	OD5	-1	0.0391985157513619	0.987869521616045
294	BRX10.8	OD6	-1	0.0381978610603675	0.984029302241954
295	BRX10.8	OD7	-1	0.0417549883152299	0.973035052709496
296	BRX10.8	OD8	-1	0.0458629626940658	0.989739258284877
297	BRX10.8	OD1	4	0.0423529578115875	0.91755963675579
298	BRX10.8	OD2	4	0.0460886321097075	0.91863218812915
299	BRX10.8	OD3	4	0.0453962664930535	0.925186420388567
300	BRX10.8	OD4	4	0.0425691479525927	0.926017676071678
301	BRX10.8	OD5	4	0.0430279884482094	0.937036489471698
302	BRX10.8	OD6	4	0.0408481204183151	0.926914604027246
303	BRX10.8	OD7	4	0.0421185624708595	0.921880936406991
304	BRX10.8	OD8	4	0.04333384994567	0.965327895110766
305	BRX10.8	OD1	11	0.0515524031887391	0.961870196259544
306	BRX10.8	OD2	11	0.0486582419723637	0.942526069438901
307	BRX10.8	OD3	11	0.0494178144087481	0.925679919829486
308	BRX10.8	OD4	11	0.0459891913317884	0.931566921803529
309	BRX10.8	OD5	11	0.0438738397243115	0.944351249605004
310	BRX10.8	OD6	11	0.0507547601863378	0.963651180489385
311	BRX10.8	OD7	11	0.0467185955691011	0.982902109102973
312	BRX10.8	OD8	11	0.0506784286455535	0.982761863678804
313	BRX10.8	OD1	17	0.0314606066632966	0.996686702950703
314	BRX10.8	OD2	17	0.0248302398605165	0.996700671432374
315	BRX10.8	OD3	17	0.0313813354263439	0.993625425735367
316	BRX10.8	OD4	17	0.0272331980999901	0.996315060264163
317	BRX10.8	OD5	17	0.0280481100122841	0.996448053109153
318	BRX10.8	OD6	17	0.025116131890284	0.99504067005114
319	BRX10.8	OD7	17	0.0239799058988429	0.996086097834208
320	BRX10.8	OD8	17	0.0267702297591446	0.99152805056137
321	BRX10.9	OD1	-1	0.0466997164187827	0.959427653804555
322	BRX10.9	OD2	-1	0.0464026597299212	0.986280878947494
323	BRX10.9	OD3	-1	0.04886172380484	0.980946940544435
324	BRX10.9	OD4	-1	0.0445541098573181	0.987293337587597
325	BRX10.9	OD5	-1	0.0440798532558734	0.98911889415931
326	BRX10.9	OD6	-1	0.0463381676629491	0.985602064941302
327	BRX10.9	OD7	-1	0.0441070270206256	0.981980290263732
328	BRX10.9	OD8	-1	0.0427977775647158	0.97786530815516
329	BRX10.9	OD1	4	0.0636175640849732	0.959186042511609
330	BRX10.9	OD2	4	0.063328905740056	0.958498091597482
331	BRX10.9	OD3	4	0.0609210030735102	0.979629611011816
332	BRX10.9	OD4	4	0.0581600945682839	0.974211947709933
333	BRX10.9	OD5	4	0.0577382107437791	0.964636394142305
334	BRX10.9	OD6	4	0.0610469475743351	0.97936853222962
335	BRX10.9	OD7	4	0.0625316137964221	0.981345116917183
336	BRX10.9	OD8	4	0.0617700964126046	0.974323581802023
337	BRX10.9	OD1	11	0.0668550928015411	0.975349974235791
338	BRX10.9	OD2	11	0.070312718063151	0.971831285961988
339	BRX10.9	OD3	11	0.0714621582901526	0.974762797772283
340	BRX10.9	OD4	11	0.0671766224156282	0.97255029046421
341	BRX10.9	OD5	11	0.0660724774155382	0.960011777995278
342	BRX10.9	OD6	11	0.0671269365098403	0.958210452902596
343	BRX10.9	OD7	11	0.0678433251125833	0.966547633091868
344	BRX10.9	OD8	11	0.0620344583291436	0.977743680835265
345	BRX10.9	OD1	17	0.0291806831518243	0.99641729625546
346	BRX10.9	OD2	17	0.0391318609822382	0.991543953898657
347	BRX10.9	OD3	17	0.0424459128448976	0.989286805172271
348	BRX10.9	OD4	17	0.0397723581608772	0.995878074436679
349	BRX10.9	OD5	17	0.0465109161175247	0.987951586380896
350	BRX10.9	OD6	17	0.0385216046986682	0.991529981172032
351	BRX10.9	OD7	17	0.0511706843802132	0.983880886848407
352	BRX10.9	OD8	17	0.0494773041434833	0.983226899783129
353	BRX8.1	OD1	-1	0.0405705453572003	0.993550405183997
354	BRX8.1	OD2	-1	0.0410329756749613	0.991050980059038
355	BRX8.1	OD3	-1	0.0402613268961937	0.977557582855344
356	BRX8.1	OD4	-1	0.0359490365059413	0.994232811098761
357	BRX8.1	OD5	-1	0.0412113609694579	0.986555386040893
358	BRX8.1	OD6	-1	0.0398784394834826	0.989340201639624
359	BRX8.1	OD7	-1	0.0407297659750616	0.989749373845096
360	BRX8.1	OD8	-1	0.0341473119561646	0.99484518671891
361	BRX8.1	OD1	4	0.0526590680436905	0.97699528999452
362	BRX8.1	OD2	4	0.044519450543225	0.974518120509069
363	BRX8.1	OD3	4	0.0451621176184642	0.975086635426153
364	BRX8.1	OD4	4	0.0501824871890917	0.971110988076825
365	BRX8.1	OD5	4	0.040108552194951	0.977912687345579
366	BRX8.1	OD6	4	0.0409583133083224	0.981250630770245
367	BRX8.1	OD7	4	0.0432511701905518	0.983362042267788
368	BRX8.1	OD8	4	0.0381347360910826	0.990247286753837
369	BRX8.1	OD1	11	0.0529677045858567	0.97473318434913
370	BRX8.1	OD2	11	0.0501966633624671	0.98078002503824
371	BRX8.1	OD3	11	0.0526213776428159	0.972662346073003
372	BRX8.1	OD4	11	0.0515495454811446	0.971044992758386
373	BRX8.1	OD5	11	0.0487557412434218	0.97385932704942
374	BRX8.1	OD6	11	0.0469206583670035	0.977027258362192
375	BRX8.1	OD7	11	0.0450191739543926	0.977104641811556
376	BRX8.1	OD8	11	0.0476497876722099	0.981579563667291
377	BRX8.1	OD1	17	0.0256218950290018	0.995695610162163
378	BRX8.1	OD2	17	0.0229508774137434	0.988898688242616
379	BRX8.1	OD3	17	0.0225317140481902	0.997658151374914
380	BRX8.1	OD4	17	0.0239733555459524	0.986721577005777
381	BRX8.1	OD5	17	0.0231268535666612	0.989056942093552
382	BRX8.1	OD6	17	0.0229429989571722	0.994849717884968
383	BRX8.1	OD7	17	0.0236795329427068	0.992882454637041
384	BRX8.1	OD8	17	0.0256712475665847	0.990241834208419
385	BRX8.2	OD1	-1	0.0458604658995976	0.967221082110327
386	BRX8.2	OD2	-1	0.0412486174767547	0.990310315189386
387	BRX8.2	OD3	-1	0.0398690545741869	0.970969561796027
388	BRX8.2	OD4	-1	0.0389013666584322	0.979802828384233
389	BRX8.2	OD5	-1	0.0377644317265349	0.976053295360685
390	BRX8.2	OD6	-1	0.0382735675111904	0.981883032024701
391	BRX8.2	OD7	-1	0.0414582997029528	0.981361105114884
392	BRX8.2	OD8	-1	0.043799196600796	0.981065370584177
393	BRX8.2	OD1	4	0.0567710093115289	0.957118652478183
394	BRX8.2	OD2	4	0.0447315971795483	0.937751139478519
395	BRX8.2	OD3	4	0.0385642594816116	0.898017162550007
396	BRX8.2	OD4	4	0.0440422555301415	0.944806461306609
397	BRX8.2	OD5	4	0.0483299127827684	0.951010985163293
398	BRX8.2	OD6	4	0.0428948695480587	0.920618562563004
399	BRX8.2	OD7	4	0.0389949808031406	0.961979282383662
400	BRX8.2	OD8	4	0.0481490051676586	0.965360721717382
401	BRX8.2	OD1	11	0.0539987440417674	0.90608546151439
402	BRX8.2	OD2	11	0.0464019230243302	0.910865220967296
403	BRX8.2	OD3	11	0.0465251713556878	0.899200721256403
404	BRX8.2	OD4	11	0.0398830776867307	0.896325736205742
405	BRX8.2	OD5	11	0.0476221765872805	0.932146835451105
406	BRX8.2	OD6	11	0.0492066928921766	0.948854823759911
407	BRX8.2	OD7	11	0.0515840395655458	0.91534260963129
408	BRX8.2	OD8	11	0.055123383563247	0.957640180635348
409	BRX8.2	OD1	17	0.0571627889174169	0.853522281562786
410	BRX8.2	OD2	17	0.0230635886759563	0.907412773243691
411	BRX8.2	OD3	17	0.0247647922132047	0.922744379266871
412	BRX8.2	OD4	17	0.0210528068695406	0.902967620162693
413	BRX8.2	OD5	17	0.0214734446844956	0.948203342372486
414	BRX8.2	OD6	17	0.0221808727812636	0.953844083010959
415	BRX8.2	OD7	17	0.0215595686975343	0.952033178820209
416	BRX8.2	OD8	17	0.0246691540826027	0.994625564325459
417	BRX8.3	OD1	-1	0.036935312121434	0.985440197910033
418	BRX8.3	OD2	-1	0.0390318312256138	0.981620715777269
419	BRX8.3	OD3	-1	0.033370100307918	0.974536870252837
420	BRX8.3	OD4	-1	0.0343317833282693	0.984339910556309
421	BRX8.3	OD5	-1	0.031574816947445	0.990891495558649
422	BRX8.3	OD6	-1	0.030390360889376	0.98613532264158
423	BRX8.3	OD7	-1	0.0320283906900078	0.977723380664796
424	BRX8.3	OD8	-1	0.0393017690708444	0.985719669346792
425	BRX8.3	OD1	4	0.0514769747974867	0.959227728615027
426	BRX8.3	OD2	4	0.0357426052969012	0.96115737821467
427	BRX8.3	OD3	4	0.0429349527906299	0.951843097271185
428	BRX8.3	OD4	4	0.0420557694741655	0.963781730479357
429	BRX8.3	OD5	4	0.0411470998194564	0.976946909838076
430	BRX8.3	OD6	4	0.0384010138382759	0.963875577808454
431	BRX8.3	OD7	4	0.0362381171497073	0.948941207872277
432	BRX8.3	OD8	4	0.0397051915722772	0.970429121807622
433	BRX8.3	OD1	11	0.050969999114871	0.950792587140646
434	BRX8.3	OD2	11	0.0450959981516123	0.957019609201909
435	BRX8.3	OD3	11	0.0429932591070297	0.969699734390308
436	BRX8.3	OD4	11	0.0434776725712163	0.965691632748999
437	BRX8.3	OD5	11	0.0450943803002817	0.967766011738093
438	BRX8.3	OD6	11	0.0443293834181179	0.967084862020197
439	BRX8.3	OD7	11	0.0446158861141361	0.941154266728414
440	BRX8.3	OD8	11	0.0493988595968291	0.960466862112117
441	BRX8.3	OD1	17	0.0225367377936009	0.989846518828229
442	BRX8.3	OD2	17	0.0245093812818313	0.950526470635071
443	BRX8.3	OD3	17	0.024501609091374	0.932900200429621
444	BRX8.3	OD4	17	0.0206071254129422	0.972626828947956
445	BRX8.3	OD5	17	0.0234295674916387	0.923441302131612
446	BRX8.3	OD6	17	0.023695859294817	0.932901960971579
447	BRX8.3	OD7	17	0.0235011289292071	0.951591217473708
448	BRX8.3	OD8	17	0.0226179251608746	0.99314796308819
449	BRX8.4	OD1	-1	0.0360202171759798	0.992336185939728
450	BRX8.4	OD2	-1	0.0313300803824756	0.983885070115146
451	BRX8.4	OD3	-1	0.0313513428988069	0.990575287906309
452	BRX8.4	OD4	-1	0.0297848984886779	0.991810727104867
453	BRX8.4	OD5	-1	0.025400403136285	0.993667588075102
454	BRX8.4	OD6	-1	0.0278365353819251	0.991825023592429
455	BRX8.4	OD7	-1	0.0297963221634783	0.991204650568344
456	BRX8.4	OD8	-1	0.0278961342257665	0.997641214171813
457	BRX8.4	OD1	4	0.0352925237134082	0.988836690606249
458	BRX8.4	OD2	4	0.0383960145326464	0.968394800255818
459	BRX8.4	OD3	4	0.0375968373648195	0.965225354534487
460	BRX8.4	OD4	4	0.0355276414551781	0.961163587915033
461	BRX8.4	OD5	4	0.0365253394864713	0.970414818483821
462	BRX8.4	OD6	4	0.0336155625912025	0.959492899011175
463	BRX8.4	OD7	4	0.0359328468018677	0.968227355598018
464	BRX8.4	OD8	4	0.0320821575579607	0.987770902145968
465	BRX8.4	OD1	11	0.0378501213429087	0.995019310653569
466	BRX8.4	OD2	11	0.035208043788504	0.982369310276323
467	BRX8.4	OD3	11	0.0362746782856304	0.984403207345744
468	BRX8.4	OD4	11	0.0377154933424253	0.989828693259382
469	BRX8.4	OD5	11	0.0360636449089348	0.989436833392408
470	BRX8.4	OD6	11	0.0384201977520077	0.990804405697908
471	BRX8.4	OD7	11	0.0381796679967569	0.976284180402553
472	BRX8.4	OD8	11	0.0417395944529393	0.986856417592913
473	BRX8.4	OD1	17	0.0251531151731952	0.996763077744142
474	BRX8.4	OD2	17	0.0353374891057947	0.943351598656162
475	BRX8.4	OD3	17	0.0408383345167353	0.902732563083264
476	BRX8.4	OD4	17	0.0371566441451553	0.895474706600089
477	BRX8.4	OD5	17	0.0413045778663005	0.944443185947103
478	BRX8.4	OD6	17	0.0401357910448262	0.94824830603917
479	BRX8.4	OD7	17	0.0387238973591365	0.955827154323688
480	BRX8.4	OD8	17	0.0345845419792239	0.972678071617343
481	BRX8.5	OD1	-1	0.0471628486594068	0.985490437800709
482	BRX8.5	OD2	-1	0.0382450839066492	0.98660243518531
483	BRX8.5	OD3	-1	0.0399947021694227	0.985797983452236
484	BRX8.5	OD4	-1	0.0372518497658361	0.98701857363649
485	BRX8.5	OD5	-1	0.0371470738545105	0.977574752035979
486	BRX8.5	OD6	-1	0.0353928487304114	0.969600479611165
487	BRX8.5	OD7	-1	0.040069181986631	0.987320953688341
488	BRX8.5	OD8	-1	0.0534096927374748	0.954524671395067
489	BRX8.5	OD1	4	0.052833145573412	0.968995255879991
490	BRX8.5	OD2	4	0.0435500989434372	0.96459845919532
491	BRX8.5	OD3	4	0.0435318196326468	0.970432378194405
492	BRX8.5	OD4	4	0.0366897129866086	0.965996464566758
493	BRX8.5	OD5	4	0.0354590197135839	0.990759421528235
494	BRX8.5	OD6	4	0.0407305086886839	0.976461793692473
495	BRX8.5	OD7	4	0.0414075068093593	0.978300329654493
496	BRX8.5	OD8	4	0.0488303511217007	0.967234912109272
497	BRX8.5	OD1	11	0.0547148884673357	0.953457787783752
498	BRX8.5	OD2	11	0.0558495180002255	0.947504995153438
499	BRX8.5	OD3	11	0.0509170660035639	0.956827490828736
500	BRX8.5	OD4	11	0.0572318311398329	0.973562295362629
501	BRX8.5	OD5	11	0.0524111316661079	0.978308079831203
502	BRX8.5	OD6	11	0.0518449570120869	0.961433569118361
503	BRX8.5	OD7	11	0.0467345936223427	0.942229701710924
504	BRX8.5	OD8	11	0.0578047477688686	0.965454259639118
505	BRX8.5	OD1	17	0.0219013617599964	0.991100191280925
506	BRX8.5	OD2	17	0.0294173239005924	0.966814240824336
507	BRX8.5	OD3	17	0.0293289322139232	0.801543516486328
508	BRX8.5	OD4	17	0.029065105593444	0.842095941374157
509	BRX8.5	OD5	17	0.0324182392482093	0.802660443769126
510	BRX8.5	OD6	17	0.0269534141845265	0.83826893718876
511	BRX8.5	OD7	17	0.0251735304700306	0.949586974794743
512	BRX8.5	OD8	17	0.0286270069016969	0.986602560440925
513	BRX8.6	OD1	-1	0.0333254609809271	0.993518695540893
514	BRX8.6	OD2	-1	0.0323088074724133	0.992142371504514
515	BRX8.6	OD3	-1	0.0344401130204755	0.990972057466795
516	BRX8.6	OD4	-1	0.0349121263545293	0.988013560477672
517	BRX8.6	OD5	-1	0.0347594591732946	0.99175351823774
518	BRX8.6	OD6	-1	0.0829288003373539	0.919291028682331
519	BRX8.6	OD7	-1	0.0352039776190303	0.997369491410733
520	BRX8.6	OD8	-1	0.0367063200103473	0.992917714493453
521	BRX8.6	OD1	4	0.0431075859876506	0.954047219762309
522	BRX8.6	OD2	4	0.0440415505786525	0.966957938211898
523	BRX8.6	OD3	4	0.0433569658943395	0.981284314333696
524	BRX8.6	OD4	4	0.0442674594902546	0.949219497018683
525	BRX8.6	OD5	4	0.0381724528877399	0.977030562725284
526	BRX8.6	OD6	4	0.0439985731650773	0.958251731852315
527	BRX8.6	OD7	4	0.0389594873864141	0.976417519062737
528	BRX8.6	OD8	4	0.0433755966882476	0.968530206397246
529	BRX8.6	OD1	11	0.0536129187593518	0.948433259654833
530	BRX8.6	OD2	11	0.0475375315282873	0.961182676700213
531	BRX8.6	OD3	11	0.0484610788557616	0.978321270651514
532	BRX8.6	OD4	11	0.0483680073346093	0.983682928635769
533	BRX8.6	OD5	11	0.05086884524588	0.975913029636843
534	BRX8.6	OD6	11	0.0465579262354075	0.980217931875948
535	BRX8.6	OD7	11	0.0485631270862969	0.974294543916845
536	BRX8.6	OD8	11	0.0513409343091342	0.980109030842267
537	BRX8.6	OD1	17	0.0316486032279854	0.994270233433821
538	BRX8.6	OD2	17	0.0285570944233956	0.991847204516655
539	BRX8.6	OD3	17	0.0323299307627203	0.98494147050233
540	BRX8.6	OD4	17	0.0253926439992833	0.984945100221582
541	BRX8.6	OD5	17	0.0281547833422665	0.987112300026558
542	BRX8.6	OD6	17	0.0244044271468803	0.989434573378587
543	BRX8.6	OD7	17	0.028040562105	0.997798114394412
544	BRX8.6	OD8	17	0.0326311518048533	0.994672735116552
545	BRX8.7	OD1	-1	0.0443566828324491	0.968580656913741
546	BRX8.7	OD2	-1	0.0350521501762599	0.980515039388916
547	BRX8.7	OD3	-1	0.0359268619895941	0.96954305234744
548	BRX8.7	OD4	-1	0.034006131792268	0.966632225620573
549	BRX8.7	OD5	-1	0.0375908481625191	0.980048115147042
550	BRX8.7	OD6	-1	0.0370352656789488	0.983245004258338
551	BRX8.7	OD7	-1	0.0343443140761144	0.975889428279022
552	BRX8.7	OD8	-1	0.0376958881719213	0.986405217602375
553	BRX8.7	OD1	4	0.053732924340672	0.990237656442982
554	BRX8.7	OD2	4	0.0519269939293283	0.990257802483289
555	BRX8.7	OD3	4	0.0508686011098586	0.989325064118122
556	BRX8.7	OD4	4	0.0511461409183065	0.976506640952697
557	BRX8.7	OD5	4	0.0507573762671313	0.97590040734339
558	BRX8.7	OD6	4	0.049079922755799	0.981756526803452
559	BRX8.7	OD7	4	0.0500721345751137	0.98419634638685
560	BRX8.7	OD8	4	0.0496165753703858	0.984489934379653
561	BRX8.7	OD1	11	0.0636752159448058	0.992514734456265
562	BRX8.7	OD2	11	0.060942216804342	0.991736360101386
563	BRX8.7	OD3	11	0.0606346779475051	0.992279189953575
564	BRX8.7	OD4	11	0.0587888114084317	0.993634360729033
565	BRX8.7	OD5	11	0.0598458733165716	0.993465712222074
566	BRX8.7	OD6	11	0.0621443932874088	0.993097730485827
567	BRX8.7	OD7	11	0.0610604616180779	0.990300336079656
568	BRX8.7	OD8	11	0.0584930382437676	0.985846371604277
569	BRX8.7	OD1	17	0.0422689450478614	0.991450556587102
570	BRX8.7	OD2	17	0.0441707808610604	0.985558334378011
571	BRX8.7	OD3	17	0.0437014848219071	0.986851447491346
572	BRX8.7	OD4	17	0.0411982533619419	0.984453108551144
573	BRX8.7	OD5	17	0.0376849078918206	0.992114389112722
574	BRX8.7	OD6	17	0.0371343979900171	0.993299345638977
575	BRX8.7	OD7	17	0.0349335534207626	0.992932820952745
576	BRX8.7	OD8	17	0.0367784335542893	0.991998160411229
577	BRX8.8	OD1	-1	0.037558981800657	0.967735175145728
578	BRX8.8	OD2	-1	0.0435465166636972	0.972665339669577
579	BRX8.8	OD3	-1	0.0389011583279558	0.983579357236999
580	BRX8.8	OD4	-1	0.0410947460662378	0.979814503998282
581	BRX8.8	OD5	-1	0.0398408689533732	0.980144609764376
582	BRX8.8	OD6	-1	0.0395081229272609	0.970914354046344
583	BRX8.8	OD7	-1	0.0434437244569816	0.985001650849956
584	BRX8.8	OD8	-1	0.0399456013577899	0.987800817557954
585	BRX8.8	OD1	4	0.0570306028402859	0.989676441511967
586	BRX8.8	OD2	4	0.0488483462500847	0.958709708989876
587	BRX8.8	OD3	4	0.046535143422569	0.975741903570225
588	BRX8.8	OD4	4	0.0475906419831767	0.925419537505237
589	BRX8.8	OD5	4	0.0438334592513829	0.978257102823792
590	BRX8.8	OD6	4	0.0501560085114212	0.946293126383782
591	BRX8.8	OD7	4	0.0485935315305894	0.972614907119673
592	BRX8.8	OD8	4	0.054969877581203	0.981432097838594
593	BRX8.8	OD1	11	0.0522644345194454	0.974383438754252
594	BRX8.8	OD2	11	0.04854544037313	0.971817413312143
595	BRX8.8	OD3	11	0.0457258914722697	0.966052873955064
596	BRX8.8	OD4	11	0.0486863844253761	0.948757040985536
597	BRX8.8	OD5	11	0.0454296279014791	0.954167036470771
598	BRX8.8	OD6	11	0.0437691994499631	0.977209704499977
599	BRX8.8	OD7	11	0.0417995961904516	0.967908448964128
600	BRX8.8	OD8	11	0.0491173498705619	0.982451628802234
601	BRX8.8	OD1	17	0.0450240122425525	0.985295961979172
602	BRX8.8	OD2	17	0.0468688888555434	0.986424803676486
603	BRX8.8	OD3	17	0.0421421775007045	0.986721894191681
604	BRX8.8	OD4	17	0.0443565935455221	0.982436158334808
605	BRX8.8	OD5	17	0.0452788226223242	0.984135627482655
606	BRX8.8	OD6	17	0.0450479333578852	0.986080527123091
607	BRX8.8	OD7	17	0.0467488504794044	0.98354544729318
608	BRX8.8	OD8	17	0.0426670304138436	0.986281964672835
609	BRX8.9	OD1	-1	0.043963170565064	0.968803213425211
610	BRX8.9	OD2	-1	0.0472564490448609	0.970465694875334
611	BRX8.9	OD3	-1	0.0420093732921172	0.959493501325309
612	BRX8.9	OD4	-1	0.0395793438914186	0.977909349291911
613	BRX8.9	OD5	-1	0.038659772868994	0.958994817813981
614	BRX8.9	OD6	-1	0.0406914389512406	0.97353545382623
615	BRX8.9	OD7	-1	0.0390928751488486	0.985463614276658
616	BRX8.9	OD8	-1	0.0464158556791417	0.980363471074464
617	BRX8.9	OD1	4	0.0534614179264536	0.964110240074933
618	BRX8.9	OD2	4	0.0464371177213245	0.940112882257037
619	BRX8.9	OD3	4	0.0446140878565184	0.89599197781142
620	BRX8.9	OD4	4	0.0422747142771118	0.916250402887773
621	BRX8.9	OD5	4	0.0416152833242124	0.897259533765226
622	BRX8.9	OD6	4	0.0407025757175013	0.951794138467464
623	BRX8.9	OD7	4	0.0435240372968188	0.950729671819269
624	BRX8.9	OD8	4	0.052812425970725	0.961047896887854
625	BRX8.9	OD1	11	0.0452817496674165	0.976735149142888
626	BRX8.9	OD2	11	0.0428018749783886	0.954524378443458
627	BRX8.9	OD3	11	0.0450851732740802	0.956998433623659
628	BRX8.9	OD4	11	0.0494409574154509	0.971665763480089
629	BRX8.9	OD5	11	0.0466839741956007	0.982837618619705
630	BRX8.9	OD6	11	0.0387377720552021	0.968446524200949
631	BRX8.9	OD7	11	0.035904614952582	0.990692130780809
632	BRX8.9	OD8	11	0.0484755332763131	0.977687133732714
633	BRX8.9	OD1	17	0.0268547336165382	0.994186610655203
634	BRX8.9	OD2	17	0.025093221736839	0.997474989121618
635	BRX8.9	OD3	17	0.0281025705733484	0.995664831169298
636	BRX8.9	OD4	17	0.026588610708244	0.991897518262124
637	BRX8.9	OD5	17	0.025287577608359	0.992029604163604
638	BRX8.9	OD6	17	0.028071134558454	0.993710096103719
639	BRX8.9	OD7	17	0.0254546864164069	0.995392047312277
640	BRX8.9	OD8	17	0.0211254517049926	0.99608356621579
641	BRX9.1	OD1	-1	0.0423918707923935	0.977865034875163
642	BRX9.1	OD2	-1	0.038985758023335	0.978723726286352
643	BRX9.1	OD3	-1	0.0337464590139515	0.976952709909248
644	BRX9.1	OD4	-1	0.0343579873169246	0.975265465369244
645	BRX9.1	OD5	-1	0.0277588462687845	0.971616303914441
646	BRX9.1	OD6	-1	0.0380508617064728	0.971700036724644
647	BRX9.1	OD7	-1	0.0346982641869195	0.967849799475423
648	BRX9.1	OD8	-1	0.0388804675160682	0.982767471638854
649	BRX9.1	OD1	4	0.0533004257612377	0.960307545501411
650	BRX9.1	OD2	4	0.0468626562834558	0.966009143312793
651	BRX9.1	OD3	4	0.0374450267147357	0.939074991839549
652	BRX9.1	OD4	4	0.0405850876989856	0.944114551657786
653	BRX9.1	OD5	4	0.0387303089254548	0.93190950222635
654	BRX9.1	OD6	4	0.03917002300091	0.959134741841643
655	BRX9.1	OD7	4	0.0461309343542071	0.96417852176376
656	BRX9.1	OD8	4	0.0512778961929553	0.979920119154462
657	BRX9.1	OD1	11	0.0587624425326021	0.976797576334911
658	BRX9.1	OD2	11	0.0521791470783366	0.96908571149306
659	BRX9.1	OD3	11	0.0545551952597803	0.977770595714885
660	BRX9.1	OD4	11	0.0533536769868366	0.988117185832379
661	BRX9.1	OD5	11	0.0553498321806938	0.987134469834033
662	BRX9.1	OD6	11	0.0505280596129649	0.989180920630218
663	BRX9.1	OD7	11	0.0499352984287493	0.987551795018276
664	BRX9.1	OD8	11	0.0543342355388696	0.983614567447694
665	BRX9.1	OD1	17	0.0268074921414103	0.991237844241497
666	BRX9.1	OD2	17	0.0272989984151885	0.996217525625606
667	BRX9.1	OD3	17	0.0260931066235008	0.995203815474809
668	BRX9.1	OD4	17	0.026663701976218	0.995153028479699
669	BRX9.1	OD5	17	0.0276371134423276	0.993674348162052
670	BRX9.1	OD6	17	0.0250946808935134	0.996741390124806
671	BRX9.1	OD7	17	0.0261698537853447	0.994482661207228
672	BRX9.1	OD8	17	0.0269844960929061	0.991335536507946
673	MB02u-1	OD1	-1	0.0344607806148817	0.982075191835241
674	MB02u-1	OD2	-1	0.037375277404719	0.993263708070849
675	MB02u-1	OD3	-1	0.0338094488465164	0.990549036764971
676	MB02u-1	OD4	-1	0.0289713456196363	0.976475664735874
677	MB02u-1	OD5	-1	0.0373067559355073	0.993999987856852
678	MB02u-1	OD6	-1	0.0367779946936053	0.992369610585371
679	MB02u-1	OD7	-1	0.0394698326212062	0.995186373467667
680	MB02u-1	OD8	-1	0.0399624637450914	0.983423263837728
681	MB02u-1	OD1	4	0.0450822461439237	0.994568122417838
682	MB02u-1	OD2	4	0.0415156765264139	0.994142766665368
683	MB02u-1	OD3	4	0.039445676250863	0.996495739845064
684	MB02u-1	OD4	4	0.0377419532182479	0.997100962706443
685	MB02u-1	OD5	4	0.0403106896007032	0.996055014599199
686	MB02u-1	OD6	4	0.0405357670774168	0.997047824756717
687	MB02u-1	OD7	4	0.0427183223537989	0.994327974555404
688	MB02u-1	OD8	4	0.0419755330386565	0.994808745418866
689	MB02u-1	OD1	11	0.0399813620677828	0.992288145020609
690	MB02u-1	OD2	11	0.038695205896747	0.996711835969662
691	MB02u-1	OD3	11	0.0352093120459239	0.985240227262605
692	MB02u-1	OD4	11	0.0304143136677557	0.973462658284247
693	MB02u-1	OD5	11	0.0340589150818181	0.974743217082652
694	MB02u-1	OD6	11	0.0376262410572953	0.976924447988115
695	MB02u-1	OD7	11	0.0412064638550464	0.99241819882104
696	MB02u-1	OD8	11	0.0441070982115359	0.994548541460063
697	MB02u-1	OD1	17	0.0309773606128846	0.991900400920996
698	MB02u-1	OD2	17	0.0300300363532312	0.97982493177159
699	MB02u-1	OD3	17	0.0254727181093815	0.987291090616249
700	MB02u-1	OD4	17	0.022211883006785	0.993084202858599
701	MB02u-1	OD5	17	0.02218500363492	0.995437800749563
702	MB02u-1	OD6	17	0.022293794207914	0.993372659270894
703	MB02u-1	OD7	17	0.0196398114954711	0.997101942635792
704	MB02u-1	OD8	17	0.0204347803155621	0.990373798346071
705	MB02u-10	OD1	-1	0.0104111881551805	0.876497317014799
706	MB02u-10	OD2	-1	0.00218555296105007	0.886261573866673
707	MB02u-10	OD3	-1	0.041647115676493	0.98786967406694
708	MB02u-10	OD4	-1	0.043267914592285	0.989847227561119
709	MB02u-10	OD5	-1	0.0412546252304732	0.994437975610289
710	MB02u-10	OD6	-1	0.0409864336487728	0.997054416990632
711	MB02u-10	OD7	-1	0.0409740587077346	0.994905752652263
712	MB02u-10	OD8	-1	0.0340024624318618	0.992986320252915
713	MB02u-10	OD1	4	0.0469493674913719	0.997859040858708
714	MB02u-10	OD2	4	0.0494331840166325	0.997286814830247
715	MB02u-10	OD3	4	0.0493759095051157	0.997448076865516
716	MB02u-10	OD4	4	0.0494992110992261	0.997249270296248
717	MB02u-10	OD5	4	0.0481699702066663	0.997563106957363
718	MB02u-10	OD6	4	0.0491978689516389	0.997595472022391
719	MB02u-10	OD7	4	0.0480241298230621	0.996895518061884
720	MB02u-10	OD8	4	0.0456452389860886	0.998001024437043
721	MB02u-10	OD1	11	0.052556006441823	0.997866911894764
722	MB02u-10	OD2	11	0.0450064773470907	0.998274882341057
723	MB02u-10	OD3	11	0.0405173869571907	0.998833171117769
724	MB02u-10	OD4	11	0.0399608072004066	0.998546178010623
725	MB02u-10	OD5	11	0.0375242709049891	0.999235300826997
726	MB02u-10	OD6	11	0.0395900804551152	0.998956640227169
727	MB02u-10	OD7	11	0.0423841242187248	0.998755906903732
728	MB02u-10	OD8	11	0.0478576062548864	0.998337356561592
729	MB02u-10	OD1	17	0.00511407487382144	0.784857285521998
730	MB02u-10	OD2	17	0.0054993325272861	0.977212479552434
731	MB02u-10	OD3	17	0.0108477947773119	0.944065521727771
732	MB02u-10	OD4	17	0.00787129874427685	0.722730829480719
733	MB02u-10	OD5	17	0.00353044158375804	0.828282933675066
734	MB02u-10	OD6	17	0.00592998130731469	0.933780383011237
735	MB02u-10	OD7	17	0.00604715026753454	0.937253119779357
736	MB02u-10	OD8	17	0.00372587655338496	0.895531174147826
737	MB02u-11	OD1	-1	0.0213682965669604	0.997981683932936
738	MB02u-11	OD2	-1	0.0284483880064242	0.997295008054187
739	MB02u-11	OD3	-1	0.035866163892356	0.993122990625894
740	MB02u-11	OD4	-1	0.0338356138304324	0.990839911637245
741	MB02u-11	OD5	-1	0.0342383396170095	0.990281601600062
742	MB02u-11	OD6	-1	0.0329181803509148	0.992309359492192
743	MB02u-11	OD7	-1	0.0284622854586033	0.997963592172058
744	MB02u-11	OD8	-1	0.0280521364397683	0.999271506282625
745	MB02u-11	OD1	4	0.0489367475698065	0.997275242116929
746	MB02u-11	OD2	4	0.04655923042376	0.99589276261252
747	MB02u-11	OD3	4	0.0445647478290658	0.994261145037048
748	MB02u-11	OD4	4	0.0442890507623935	0.993942529467756
749	MB02u-11	OD5	4	0.0446108722774271	0.995710106434516
750	MB02u-11	OD6	4	0.0457102905082853	0.994072559525081
751	MB02u-11	OD7	4	0.0452771459194862	0.995698231869953
752	MB02u-11	OD8	4	0.0450834494060996	0.995787825441107
753	MB02u-11	OD1	11	0.0459120108574852	0.998467753598131
754	MB02u-11	OD2	11	0.0377552414795009	0.998853553228469
755	MB02u-11	OD3	11	0.036745923509547	0.998868322502931
756	MB02u-11	OD4	11	0.0332879612902998	0.99890614497033
757	MB02u-11	OD5	11	0.0324507350574125	0.998666341414459
758	MB02u-11	OD6	11	0.0336959069106448	0.999144057080676
759	MB02u-11	OD7	11	0.0341524298600111	0.998502835144203
760	MB02u-11	OD8	11	0.0393083047370946	0.998134479295574
761	MB02u-11	OD1	17	0.0031444983397479	0.577286663236956
762	MB02u-11	OD2	17	0.00212622802858174	0.379349990418187
763	MB02u-11	OD3	17	0.00336634331387062	0.627755465760815
764	MB02u-11	OD4	17	-0.000297440105359048	0.923569878535536
765	MB02u-11	OD5	17	0.00374355501534425	0.606192062096
766	MB02u-11	OD6	17	0.00333504292272425	0.56185546397972
767	MB02u-11	OD7	17	0.00191285137790101	0.383819666738799
768	MB02u-11	OD8	17	0.000943911425183362	0.263110933465833
769	MB02u-12	OD1	-1	0.0320394698384162	0.992439283226698
770	MB02u-12	OD2	-1	0.0324358251835104	0.996336876412962
771	MB02u-12	OD3	-1	0.0299172529623869	0.99584705472073
772	MB02u-12	OD4	-1	0.0300786327894479	0.992194871384149
773	MB02u-12	OD5	-1	0.0319690585376276	0.994287314316624
774	MB02u-12	OD6	-1	0.0334114086971587	0.983233372800778
775	MB02u-12	OD7	-1	0.037031961099278	0.99311769779233
776	MB02u-12	OD8	-1	0.0330491877622127	0.996039148675312
777	MB02u-12	OD1	4	0.0454604096430169	0.991354816149474
778	MB02u-12	OD2	4	0.0400846676954827	0.990223738706198
779	MB02u-12	OD3	4	0.0363577095854092	0.976022869143969
780	MB02u-12	OD4	4	0.0325121993961591	0.962779813281926
781	MB02u-12	OD5	4	0.0380199601135942	0.983674427972979
782	MB02u-12	OD6	4	0.0360653930740031	0.996013937400356
783	MB02u-12	OD7	4	0.0379939387040244	0.998020970261725
784	MB02u-12	OD8	4	0.0406451968261187	0.993242454745257
785	MB02u-12	OD1	11	0.0325281857884562	0.99616837454352
786	MB02u-12	OD2	11	0.0401726851413178	0.997805447892042
787	MB02u-12	OD3	11	0.0370044264892784	0.997562454977461
788	MB02u-12	OD4	11	0.0383635062325888	0.997375126858954
789	MB02u-12	OD5	11	0.0406282593994434	0.996685781074365
790	MB02u-12	OD6	11	0.0361512628259287	0.995547540260256
791	MB02u-12	OD7	11	0.0361309929187575	0.994171090815133
792	MB02u-12	OD8	11	0.0376909017804135	0.998946748849059
793	MB02u-12	OD1	17	0.0189559559523895	0.993310594430065
794	MB02u-12	OD2	17	0.0249407374427988	0.985229734625722
795	MB02u-12	OD3	17	0.028982860779325	0.991240730160687
796	MB02u-12	OD4	17	0.00975353872350199	0.968924974538624
797	MB02u-12	OD5	17	0.00644369922563862	0.934056541964597
798	MB02u-12	OD6	17	0.00514874857433766	0.908666076679052
799	MB02u-12	OD7	17	0.00581259241739827	0.905270409375963
800	MB02u-12	OD8	17	0.00308200357515804	0.748294858321647
801	MB02u-14	OD1	-1	0.0324264271967211	0.992732987280626
802	MB02u-14	OD2	-1	0.0362151479408751	0.99484602338601
803	MB02u-14	OD3	-1	0.0370691021210391	0.997566976522158
804	MB02u-14	OD4	-1	0.0318600315236604	0.994750796955118
805	MB02u-14	OD5	-1	0.0271190514844498	0.996023081122636
806	MB02u-14	OD6	-1	0.032307390841499	0.99329679402708
807	MB02u-14	OD7	-1	0.0337328019218408	0.990589689445627
808	MB02u-14	OD8	-1	0.0286867128180065	0.997363496564368
809	MB02u-14	OD1	4	0.0570698861003764	0.996447904393198
810	MB02u-14	OD2	4	0.0512396424448066	0.975960583092275
811	MB02u-14	OD3	4	0.0447255416807841	0.965353901771581
812	MB02u-14	OD4	4	0.0425936635729509	0.965852394708378
813	MB02u-14	OD5	4	0.0444143231801817	0.975647994795115
814	MB02u-14	OD6	4	0.0457311652083335	0.993991992440983
815	MB02u-14	OD7	4	0.054132166801525	0.968085804079566
816	MB02u-14	OD8	4	0.054977944651102	0.994155124031299
817	MB02u-14	OD1	11	0.0506467859370094	0.997073899475568
818	MB02u-14	OD2	11	0.0522041665633038	0.989948094170778
819	MB02u-14	OD3	11	0.0420576149679376	0.993133254700616
820	MB02u-14	OD4	11	0.0385477523889109	0.997246097203235
821	MB02u-14	OD5	11	0.0368676836088027	0.997239100594069
822	MB02u-14	OD6	11	0.0395036886328236	0.998040950970213
823	MB02u-14	OD7	11	0.0460275929627974	0.996477287123988
824	MB02u-14	OD8	11	0.046354124491817	0.997554150573503
825	MB02u-14	OD1	17	0.00237467093251597	0.831278658113011
826	MB02u-14	OD2	17	0.00589980385357435	0.657334730103919
827	MB02u-14	OD3	17	0.00625749485855057	0.732033893381824
828	MB02u-14	OD4	17	0.0045482682906568	0.284354977569447
829	MB02u-14	OD5	17	0.00585108146948223	0.508306300366069
830	MB02u-14	OD6	17	0.00966400882913694	0.798411649303287
831	MB02u-14	OD7	17	0.00766383271307931	0.753354428579347
832	MB02u-14	OD8	17	0.0022122259648455	0.967447537281682
833	MB02u-18	OD1	-1	0.0330544271969452	0.99613906752394
834	MB02u-18	OD2	-1	0.0353002248623827	0.996653888584437
835	MB02u-18	OD3	-1	0.0313225768072025	0.993549087538373
836	MB02u-18	OD4	-1	0.0301700919383165	0.99365147965151
837	MB02u-18	OD5	-1	0.0312192827211705	0.993216108921108
838	MB02u-18	OD6	-1	0.0355874734388182	0.995469531755404
839	MB02u-18	OD7	-1	0.0376875876866409	0.991061118912147
840	MB02u-18	OD8	-1	0.0343997520736585	0.996954848572662
841	MB02u-18	OD1	4	0.0421962969757644	0.995904822355442
842	MB02u-18	OD2	4	0.0377230421833125	0.99563175504225
843	MB02u-18	OD3	4	0.0349802695359601	0.975106768799821
844	MB02u-18	OD4	4	0.0347703617864593	0.966206445124271
845	MB02u-18	OD5	4	0.0356675029439836	0.975200552703162
846	MB02u-18	OD6	4	0.0325768293193467	0.995900037769149
847	MB02u-18	OD7	4	0.0373804613279101	0.996107862868445
848	MB02u-18	OD8	4	0.0344690902879856	0.996600009759692
849	MB02u-18	OD1	11	0.0381107654653706	0.998014424578671
850	MB02u-18	OD2	11	0.0371233835756425	0.995720643270976
851	MB02u-18	OD3	11	0.0340289156821814	0.99583990834957
852	MB02u-18	OD4	11	0.0346448010333724	0.995208873726169
853	MB02u-18	OD5	11	0.0400581294659382	0.99597984910461
854	MB02u-18	OD6	11	0.0362536395648237	0.998017683196428
855	MB02u-18	OD7	11	0.0384717280351652	0.993871918591536
856	MB02u-18	OD8	11	0.0466059300060532	0.998084451721447
857	MB02u-18	OD1	17	0.0319115317357644	0.994269983751358
858	MB02u-18	OD2	17	0.0223308751202005	0.991421467806207
859	MB02u-18	OD3	17	0.0208061290558052	0.982533887872194
860	MB02u-18	OD4	17	0.0427240420228643	0.56553113041501
861	MB02u-18	OD5	17	0.0154527803082704	0.982311814435183
862	MB02u-18	OD6	17	0.0125232350037295	0.990029236659418
863	MB02u-18	OD7	17	0.0142262934515221	0.976201535292265
864	MB02u-18	OD8	17	0.0110304414786679	0.992085896605612
865	MB02u-19	OD1	-1	0.0341333964222413	0.990203832748562
866	MB02u-19	OD2	-1	0.0313244558386991	0.996644531153227
867	MB02u-19	OD3	-1	0.0370428125581407	0.991679991687616
868	MB02u-19	OD4	-1	0.0322847465070174	0.98934256107316
869	MB02u-19	OD5	-1	0.029936118389975	0.994518081724008
870	MB02u-19	OD6	-1	0.0331123230665533	0.998028973592889
871	MB02u-19	OD7	-1	0.0308654748866822	0.997894742112536
872	MB02u-19	OD8	-1	0.0376484445652652	0.993140914510208
873	MB02u-19	OD1	4	0.0425528302423824	0.994919201501543
874	MB02u-19	OD2	4	0.039630003333663	0.994955703121673
875	MB02u-19	OD3	4	0.0377680350897254	0.99128143936067
876	MB02u-19	OD4	4	0.039136589517172	0.98407865346033
877	MB02u-19	OD5	4	0.0395696709762639	0.993620102824491
878	MB02u-19	OD6	4	0.0340167252237587	0.996376563320329
879	MB02u-19	OD7	4	0.0367666968782588	0.996870229926234
880	MB02u-19	OD8	4	0.0413774490492442	0.992846059022696
881	MB02u-19	OD1	11	0.0355700438507303	0.997933813339052
882	MB02u-19	OD2	11	0.0369628755260564	0.997201543307997
883	MB02u-19	OD3	11	0.0350878873792209	0.996793323412104
884	MB02u-19	OD4	11	0.0353282954736134	0.995923121635125
885	MB02u-19	OD5	11	0.0401050796045379	0.996987101722266
886	MB02u-19	OD6	11	0.0395639922698756	0.996896418952719
887	MB02u-19	OD7	11	0.0366613793000711	0.997143295141112
888	MB02u-19	OD8	11	0.0414632068044364	0.998383436381006
889	MB02u-19	OD1	17	0.0196477951219923	0.986125357645975
890	MB02u-19	OD2	17	0.0175653010360644	0.982920042947089
891	MB02u-19	OD3	17	0.0408493334421661	0.971364809732033
892	MB02u-19	OD4	17	0.0132680701594501	0.956204137350025
893	MB02u-19	OD5	17	0.0124409764553705	0.989684768386982
894	MB02u-19	OD6	17	0.0124569519444248	0.98690683822224
895	MB02u-19	OD7	17	0.0175060216399051	0.979672618567655
896	MB02u-19	OD8	17	0.0112237899263382	0.989695511541883
897	MB02u-6	OD1	-1	0.035068946726453	0.947435750037876
898	MB02u-6	OD2	-1	0.0367583697570098	0.941209883761615
899	MB02u-6	OD3	-1	0.0333508039390137	0.970002289407962
900	MB02u-6	OD4	-1	0.0227340224282366	0.988559432794404
901	MB02u-6	OD5	-1	0.0310458618339867	0.99656895217237
902	MB02u-6	OD6	-1	0.0306204783952507	0.984977428319653
903	MB02u-6	OD7	-1	0.0294667650539295	0.976223300542348
904	MB02u-6	OD8	-1	0.0309238636818212	0.991526409165371
905	MB02u-6	OD1	4	0.0552534136253206	0.996753927805169
906	MB02u-6	OD2	4	0.0444405776652437	0.991669440517903
907	MB02u-6	OD3	4	0.0450496476204955	0.990991203582461
908	MB02u-6	OD4	4	0.0470681370348825	0.992403358432373
909	MB02u-6	OD5	4	0.0441543007607613	0.992094417334946
910	MB02u-6	OD6	4	0.0335982472029817	0.987590211613795
911	MB02u-6	OD7	4	0.0319889706512352	0.993794856418327
912	MB02u-6	OD8	4	0.0404220190156559	0.992108194069825
913	MB02u-6	OD1	11	0.0424392107366489	0.998159138983963
914	MB02u-6	OD2	11	0.0387734427732409	0.997558393508782
915	MB02u-6	OD3	11	0.034644163997086	0.975802050707787
916	MB02u-6	OD4	11	0.0300599205690186	0.952036334831941
917	MB02u-6	OD5	11	0.0239377248811955	0.916954623243327
918	MB02u-6	OD6	11	0.0302870500630477	0.97098025588217
919	MB02u-6	OD7	11	0.0362192406742102	0.999212589563429
920	MB02u-6	OD8	11	0.0423302091861915	0.998843305704245
921	MB02u-6	OD1	17	0.0146092143407369	0.918399814760462
922	MB02u-6	OD2	17	0.00134192737655681	0.675300691329206
923	MB02u-6	OD3	17	0.0348965379792874	0.6921057040134
924	MB02u-6	OD4	17	0.00126352126032373	0.485424510827328
925	MB02u-6	OD5	17	0.00464389335133962	0.909399942774707
926	MB02u-6	OD6	17	0.00234830090558528	0.39914049898536
927	MB02u-6	OD7	17	0.000720001867880312	0.880714219387447
928	MB02u-6	OD8	17	0.00281346391829562	0.924757200902563
929	MB02u-7	OD1	-1	0.0353727893411624	0.998446450384359
930	MB02u-7	OD2	-1	0.0395347847793507	0.993301404113645
931	MB02u-7	OD3	-1	0.039540900301439	0.996249422711394
932	MB02u-7	OD4	-1	0.0318134402825123	0.997441095052194
933	MB02u-7	OD5	-1	0.0313798618151104	0.997239074622453
934	MB02u-7	OD6	-1	0.0322328831380814	0.997163833726645
935	MB02u-7	OD7	-1	0.0339911907766283	0.995135480913088
936	MB02u-7	OD8	-1	0.0311489385390367	0.998794430488963
937	MB02u-7	OD1	4	0.0534285181735426	0.995486439329001
938	MB02u-7	OD2	4	0.048789756388285	0.995174144666256
939	MB02u-7	OD3	4	0.0429178037248451	0.998098561559671
940	MB02u-7	OD4	4	0.0405119432162386	0.995524383189736
941	MB02u-7	OD5	4	0.0415828994503466	0.995372703308475
942	MB02u-7	OD6	4	0.0419637107222565	0.998228516347691
943	MB02u-7	OD7	4	0.0504478010868705	0.995738576457938
944	MB02u-7	OD8	4	0.0541181562132881	0.99189353672007
945	MB02u-7	OD1	11	0.0359568650970361	0.999064141101451
946	MB02u-7	OD2	11	0.0291539569242463	0.999377271877183
947	MB02u-7	OD3	11	0.0273857379261988	0.998820416138522
948	MB02u-7	OD4	11	0.0231519690012265	0.895170828324756
949	MB02u-7	OD5	11	0.0230969804422888	0.89497905835403
950	MB02u-7	OD6	11	0.0224405746616047	0.999027789290437
951	MB02u-7	OD7	11	0.0217504635422193	0.999454242065946
952	MB02u-7	OD8	11	0.0284076551857712	0.99960420508838
953	MB02u-7	OD1	17	6.21455239769208e-05	0.704350792767984
954	MB02u-7	OD2	17	0.00276688431137287	0.45988461269975
955	MB02u-7	OD3	17	0.00493083521733506	0.852075406694299
956	MB02u-7	OD4	17	0.00587170607766732	0.816007909480853
957	MB02u-7	OD5	17	0.00277170837973312	0.598929987438652
958	MB02u-7	OD6	17	0.00340973603333721	0.393592553683458
959	MB02u-7	OD7	17	0.0032613800341725	0.888034106978759
960	MB02u-7	OD8	17	0.000208014721250543	0.390532936828388
961	MB02u-9	OD1	-1	0.0355680017471243	0.99685645458882
962	MB02u-9	OD2	-1	0.0388013727767203	0.998965339184563
963	MB02u-9	OD3	-1	0.0392778857993336	0.997156584302825
964	MB02u-9	OD4	-1	0.0351673595819648	0.998310357035636
965	MB02u-9	OD5	-1	0.0347542302324916	0.996697712446672
966	MB02u-9	OD6	-1	0.03571267744566	0.998544492354907
967	MB02u-9	OD7	-1	0.0384402683133914	0.998212974661096
968	MB02u-9	OD8	-1	0.0385797068188501	0.996761545456013
969	MB02u-9	OD1	4	0.0428538847410334	0.997239434035891
970	MB02u-9	OD2	4	0.0402103657432203	0.997038319398554
971	MB02u-9	OD3	4	0.0383060522150133	0.997201309226172
972	MB02u-9	OD4	4	0.036905430816265	0.997884896089705
973	MB02u-9	OD5	4	0.0376234647541097	0.996615079060434
974	MB02u-9	OD6	4	0.0390367965178993	0.997448610348134
975	MB02u-9	OD7	4	0.0416497110803025	0.996140653216974
976	MB02u-9	OD8	4	0.042153996531795	0.997858266856586
977	MB02u-9	OD1	11	0.0471222223891449	0.998484115532619
978	MB02u-9	OD2	11	0.0421506007901538	0.996359894554226
979	MB02u-9	OD3	11	0.0374152207473618	0.995776601190352
980	MB02u-9	OD4	11	0.0296602821535514	0.975089487326239
981	MB02u-9	OD5	11	0.029815212765789	0.975323510764643
982	MB02u-9	OD6	11	0.0328638373780486	0.990200493154982
983	MB02u-9	OD7	11	0.0397809004845471	0.998036411982688
984	MB02u-9	OD8	11	0.0432389140849073	0.998909691878675
985	MB02u-9	OD1	17	0.00662237920506033	0.977949572221285
986	MB02u-9	OD2	17	0.0146082844689313	0.994239015754526
987	MB02u-9	OD3	17	0.015799916463839	0.969422752887441
988	MB02u-9	OD4	17	0.0106383210363276	0.972113450846736
989	MB02u-9	OD5	17	0.00879930333936022	0.984540980597873
990	MB02u-9	OD6	17	0.00760657721604787	0.948178553961478
991	MB02u-9	OD7	17	0.0105350636391903	0.971182943714666
992	MB02u-9	OD8	17	0.00530017946545827	0.985891781113744
993	MB3u-22	OD1	-1	0.027746300684603	0.998817953793767
994	MB3u-22	OD2	-1	0.0349442284347467	0.995286468527374
995	MB3u-22	OD3	-1	0.0269250647903305	0.993953946615289
996	MB3u-22	OD4	-1	0.0279455258373481	0.993840220836334
997	MB3u-22	OD5	-1	0.0292001878132756	0.992346008919946
998	MB3u-22	OD6	-1	0.0276335071507313	0.99428980795909
999	MB3u-22	OD7	-1	0.0313529259488728	0.994241013350337
1000	MB3u-22	OD8	-1	0.0311182749529137	0.993733228009165
1001	MB3u-22	OD1	4	0.0481983586184596	0.953789223688842
1002	MB3u-22	OD2	4	0.0462080673567912	0.902339114716669
1003	MB3u-22	OD3	4	0.0426311194184403	0.896063356594448
1004	MB3u-22	OD4	4	0.0416736317654863	0.886719994592889
1005	MB3u-22	OD5	4	0.0420192505173641	0.879711930094857
1006	MB3u-22	OD6	4	0.0400661099209663	0.873926183041673
1007	MB3u-22	OD7	4	0.0434495224195811	0.893389185266889
1008	MB3u-22	OD8	4	0.0445737602670742	0.896463322496594
1009	MB3u-22	OD1	11	0.0373807974167146	0.978223090567501
1010	MB3u-22	OD2	11	0.0267390322384609	0.997186026726716
1011	MB3u-22	OD3	11	0.0205415069962647	0.998922414921239
1012	MB3u-22	OD4	11	0.0178524297083433	0.994863684698008
1013	MB3u-22	OD5	11	0.0210449092473769	0.970063184350497
1014	MB3u-22	OD6	11	0.0234872829631506	0.977072442931892
1015	MB3u-22	OD7	11	0.0264838034761733	0.971095623873882
1016	MB3u-22	OD8	11	0.0319380996434448	0.97908024364834
1017	MB3u-22	OD1	17	0.0566603157705077	0.921730753219983
1018	MB3u-22	OD2	17	0.000959178292567487	0.780051842899972
1019	MB3u-22	OD3	17	0.00150849678320609	0.394168070359286
1020	MB3u-22	OD4	17	0.00353035373112092	0.256207465479983
1021	MB3u-22	OD5	17	0.000151412322402801	0.612790593048851
1022	MB3u-22	OD6	17	0.00197261724768349	0.201287279906185
1023	MB3u-22	OD7	17	0.00181530769512192	0.353408100454808
1024	MB3u-22	OD8	17	0.00275439617265492	0.824700313441862
1025	MB3u-28	OD1	-1	0.0277153696006054	0.997520144457809
1026	MB3u-28	OD2	-1	0.0289973321895279	0.946942378619338
1027	MB3u-28	OD3	-1	0.0299767035627079	0.997609283649835
1028	MB3u-28	OD4	-1	0.0274624225807103	0.997309769627132
1029	MB3u-28	OD5	-1	0.0258009870317343	0.995416063942926
1030	MB3u-28	OD6	-1	0.028518414316511	0.997173389377991
1031	MB3u-28	OD7	-1	0.0335921521633032	0.994577814782313
1032	MB3u-28	OD8	-1	0.0323927838995423	0.990684914352024
1033	MB3u-28	OD1	4	0.0519415470715633	0.983940960542613
1034	MB3u-28	OD2	4	0.0433272048204017	0.891841007734202
1035	MB3u-28	OD3	4	0.0403983374577825	0.890720735868552
1036	MB3u-28	OD4	4	0.0387914252321764	0.864084014033823
1037	MB3u-28	OD5	4	0.0378582702327932	0.869377113774552
1038	MB3u-28	OD6	4	0.0366588386176548	0.875023384754523
1039	MB3u-28	OD7	4	0.0423976491173744	0.866193093458997
1040	MB3u-28	OD8	4	0.0435853511211989	0.912175139397199
1041	MB3u-28	OD1	11	0.0357483961922772	0.997883817289402
1042	MB3u-28	OD2	11	0.0300304925679572	0.994316206429038
1043	MB3u-28	OD3	11	0.0263189376505704	0.991810046701287
1044	MB3u-28	OD4	11	0.0250260836816389	0.975630386825974
1045	MB3u-28	OD5	11	0.0204230985975611	0.969363980319077
1046	MB3u-28	OD6	11	0.0247109595052958	0.948634984469864
1047	MB3u-28	OD7	11	0.0296935527851058	0.979043230649255
1048	MB3u-28	OD8	11	0.0311399794845278	0.990768030421665
1049	MB3u-28	OD1	17	0.00506475517513753	0.730245680402566
1050	MB3u-28	OD2	17	0.0100071038064699	0.440616259529571
1051	MB3u-28	OD3	17	0.00504892913197027	0.255529258983319
1052	MB3u-28	OD4	17	0.00450395331981693	0.58941621935821
1053	MB3u-28	OD5	17	0.00535106114095381	0.37435236475629
1054	MB3u-28	OD6	17	0.0060466518408715	0.665848484590856
1055	MB3u-28	OD7	17	0.00837704140978702	0.500103983742986
1056	MB3u-28	OD8	17	0.0210314063960627	0.713179586262928
1057	MB3u-4	OD1	-1	0.0364610699380899	0.991252995286165
1058	MB3u-4	OD2	-1	0.0329677349761962	0.998096104085012
1059	MB3u-4	OD3	-1	0.0279978683368452	0.993339319892862
1060	MB3u-4	OD4	-1	0.0308406169272603	0.994752014524287
1061	MB3u-4	OD5	-1	0.0283623983149152	0.997743516711743
1062	MB3u-4	OD6	-1	0.0328628736335374	0.997121576768806
1063	MB3u-4	OD7	-1	0.0283471960110177	0.994359124421273
1064	MB3u-4	OD8	-1	0.0389168764262437	0.992936330866334
1065	MB3u-4	OD1	4	0.0364476670372381	0.994133297231501
1066	MB3u-4	OD2	4	0.0342564275342444	0.996474558192602
1067	MB3u-4	OD3	4	0.031795834738837	0.994840563054004
1068	MB3u-4	OD4	4	0.0332670861917038	0.996883898080899
1069	MB3u-4	OD5	4	0.033608887104921	0.996990383298668
1070	MB3u-4	OD6	4	0.0338053387642403	0.99595879428613
1071	MB3u-4	OD7	4	0.0335291670098983	0.995549770090708
1072	MB3u-4	OD8	4	0.0339171909935027	0.998328296333165
1073	MB3u-4	OD1	11	0.0367657588091316	0.996498492916606
1074	MB3u-4	OD2	11	0.0286398060231224	0.998730004166805
1075	MB3u-4	OD3	11	0.0295092280719353	0.997337257463433
1076	MB3u-4	OD4	11	0.0300030375519782	0.998552600382858
1077	MB3u-4	OD5	11	0.0246742204777206	0.999146579747349
1078	MB3u-4	OD6	11	0.0250678560471326	0.99894509538321
1079	MB3u-4	OD7	11	0.0325147828492953	0.998767196366527
1080	MB3u-4	OD8	11	0.0309471791922692	0.998337822898302
1081	MB3u-4	OD1	17	0.004722558251936	0.937274405115033
1082	MB3u-4	OD2	17	0.00957292416197585	0.79748713070901
1083	MB3u-4	OD3	17	0.00626014664571222	0.774126354495075
1084	MB3u-4	OD4	17	0.00765658053535629	0.704084581770377
1085	MB3u-4	OD5	17	0.00730935991137533	0.857094596065614
1086	MB3u-4	OD6	17	0.00689117313027674	0.801233436554896
1087	MB3u-4	OD7	17	0.00955364942796319	0.95068115885424
1088	MB3u-4	OD8	17	0.00764254685287023	0.907816239237368
1089	Mb3u-41	OD1	-1	0.034017139568222	0.993001405343584
1090	Mb3u-41	OD2	-1	0.034058344236442	0.978344850904912
1091	Mb3u-41	OD3	-1	0.03431957921511	0.983540603147587
1092	Mb3u-41	OD4	-1	0.0412020243544429	0.984603917366374
1093	Mb3u-41	OD5	-1	0.0369321756991847	0.988299463453336
1094	Mb3u-41	OD6	-1	0.0375834317396545	0.979417638491341
1095	Mb3u-41	OD7	-1	0.0338828148059309	0.992892869559399
1096	Mb3u-41	OD8	-1	0.0337747024671115	0.994129732927939
1097	Mb3u-41	OD1	4	0.0497947896691758	0.981666508003388
1098	Mb3u-41	OD2	4	0.0444093912120656	0.883840796191213
1099	Mb3u-41	OD3	4	0.0403880426907492	0.893242250583502
1100	Mb3u-41	OD4	4	0.0355275715471371	0.85888700383899
1101	Mb3u-41	OD5	4	0.0382690710595244	0.879591075418223
1102	Mb3u-41	OD6	4	0.0362306635003004	0.899745443697934
1103	Mb3u-41	OD7	4	0.0434474400304169	0.875715878269488
1104	Mb3u-41	OD8	4	0.0478506973486391	0.906968297091007
1105	Mb3u-41	OD1	11	0.040163185354036	0.998573635687919
1106	Mb3u-41	OD2	11	0.0263569026123646	0.995577545985057
1107	Mb3u-41	OD3	11	0.0241828596084594	0.995315763182675
1108	Mb3u-41	OD4	11	0.0236043360561545	0.989854132926745
1109	Mb3u-41	OD5	11	0.0202976411066923	0.997188105407695
1110	Mb3u-41	OD6	11	0.021632510899814	0.998087557716559
1111	Mb3u-41	OD7	11	0.025765729729224	0.997032073427419
1112	Mb3u-41	OD8	11	0.0355415344867586	0.992769146488053
1113	Mb3u-41	OD1	17	0.00360924207865715	0.705669779982099
1114	Mb3u-41	OD2	17	0.00315337298782285	0.538363317971785
1115	Mb3u-41	OD3	17	0.00589710396524935	0.659441406463687
1116	Mb3u-41	OD4	17	0.00430878314714611	0.158771090049268
1117	Mb3u-41	OD5	17	0.00701695464757734	0.720601898824927
1118	Mb3u-41	OD6	17	0.00495696272516916	0.580331567094501
1119	Mb3u-41	OD7	17	0.00803518757506457	0.831388913696032
1120	Mb3u-41	OD8	17	0.00561196951522254	0.837028659315884
1121	MB3u-43	OD1	-1	0.0321512624349832	0.994747632674625
1122	MB3u-43	OD2	-1	0.0375423186409335	0.98809828002358
1123	MB3u-43	OD3	-1	0.0345723465536622	0.993722688170914
1124	MB3u-43	OD4	-1	0.0327011599840266	0.992795155761877
1125	MB3u-43	OD5	-1	0.0317130530003393	0.99198294824486
1126	MB3u-43	OD6	-1	0.0354751790744812	0.996869284957478
1127	MB3u-43	OD7	-1	0.0349432070515507	0.992905662315536
1128	MB3u-43	OD8	-1	0.0326330202461623	0.993067603511292
1129	MB3u-43	OD1	4	0.03875908857096	0.966991181275348
1130	MB3u-43	OD2	4	0.0409206713874782	0.884179803189078
1131	MB3u-43	OD3	4	0.0397199853737802	0.880140480180715
1132	MB3u-43	OD4	4	0.0322086531217109	0.853321279683193
1133	MB3u-43	OD5	4	0.0352436014709921	0.872869946959487
1134	MB3u-43	OD6	4	0.0356532444494349	0.87559930706128
1135	MB3u-43	OD7	4	0.0369778705618263	0.862394543169394
1136	MB3u-43	OD8	4	0.0364508294941543	0.933427975045618
1137	MB3u-43	OD1	11	0.0366168078812666	0.997767152203011
1138	MB3u-43	OD2	11	0.0361331381503898	0.997656865343066
1139	MB3u-43	OD3	11	0.0330435381709093	0.997159011570549
1140	MB3u-43	OD4	11	0.0351141786504944	0.998081131385568
1141	MB3u-43	OD5	11	0.0340551457867635	0.997256975162907
1142	MB3u-43	OD6	11	0.0340492203168916	0.995978869892424
1143	MB3u-43	OD7	11	0.0347585468890123	0.997294129828705
1144	MB3u-43	OD8	11	0.0389776283055176	0.998944336812218
1145	MB3u-43	OD1	17	0.0185298001419388	0.986989485897031
1146	MB3u-43	OD2	17	0.0158770682196517	0.989057763922847
1147	MB3u-43	OD3	17	0.0141747236788045	0.972029656420411
1148	MB3u-43	OD4	17	0.0119128369760828	0.981936546322565
1149	MB3u-43	OD5	17	0.0139403394798274	0.987949018152119
1150	MB3u-43	OD6	17	0.053584325180329	0.899921516994061
1151	MB3u-43	OD7	17	0.0133075044542467	0.970538446478908
1152	MB3u-43	OD8	17	0.0107265991976036	0.985701593447787
1153	MB3u-45	OD1	-1	0.0320702783266409	0.997630799544756
1154	MB3u-45	OD2	-1	0.0331992503655902	0.996239585677086
1155	MB3u-45	OD3	-1	0.0290758519247828	0.997238130572044
1156	MB3u-45	OD4	-1	0.0304844186917274	0.996765425152581
1157	MB3u-45	OD5	-1	0.026438487852437	0.995198497658272
1158	MB3u-45	OD6	-1	0.0298193834080092	0.997083943414651
1159	MB3u-45	OD7	-1	0.0317820980345424	0.994161517865334
1160	MB3u-45	OD8	-1	0.0302516483673735	0.998437251173036
1161	MB3u-45	OD1	4	0.0380680607418978	0.950505817665894
1162	MB3u-45	OD2	4	0.0389559795114096	0.872932161311477
1163	MB3u-45	OD3	4	0.0363641426078559	0.861780251590515
1164	MB3u-45	OD4	4	0.0349621324652009	0.869465349935766
1165	MB3u-45	OD5	4	0.0353623332362692	0.874665240829261
1166	MB3u-45	OD6	4	0.0385076555436608	0.873380029310512
1167	MB3u-45	OD7	4	0.036928534470139	0.874458057606594
1168	MB3u-45	OD8	4	0.0417219782923098	0.927202004461825
1169	MB3u-45	OD1	11	0.0398595357388044	0.989568301224223
1170	MB3u-45	OD2	11	0.0392746162861039	0.994046510736075
1171	MB3u-45	OD3	11	0.0404321758493825	0.993154593135131
1172	MB3u-45	OD4	11	0.0387218710441877	0.987808196460569
1173	MB3u-45	OD5	11	0.0367626996125147	0.988477206339553
1174	MB3u-45	OD6	11	0.0409143901884539	0.98900923253842
1175	MB3u-45	OD7	11	0.0407150941000333	0.99135715600294
1176	MB3u-45	OD8	11	0.0417900894830472	0.994363477360376
1177	MB3u-45	OD1	17	0.0148873226251833	0.984387404509341
1178	MB3u-45	OD2	17	0.0160081036760019	0.987150870278316
1179	MB3u-45	OD3	17	0.0134314299924374	0.95705580990531
1180	MB3u-45	OD4	17	0.0132725308456432	0.969196663474769
1181	MB3u-45	OD5	17	0.010272053650249	0.964577857171433
1182	MB3u-45	OD6	17	0.0102003714113298	0.975197187627303
1183	MB3u-45	OD7	17	0.00867991998850628	0.95112393968755
1184	MB3u-45	OD8	17	0.0127515670698697	0.985068132100237
1185	MB3u-55	OD1	-1	0.0231469126171207	0.998209188955346
1186	MB3u-55	OD2	-1	0.0254685426907283	0.963765580169753
1187	MB3u-55	OD3	-1	0.0256203847123351	0.990124809631914
1188	MB3u-55	OD4	-1	0.0251871399424111	0.998035935699411
1189	MB3u-55	OD5	-1	0.0251806710463107	0.993155715169861
1190	MB3u-55	OD6	-1	0.0249649614610799	0.986201519493623
1191	MB3u-55	OD7	-1	0.0238535101669666	0.996869120279823
1192	MB3u-55	OD8	-1	0.0244635621247194	0.998085580514158
1193	MB3u-55	OD1	4	0.0520153733836106	0.99776178414681
1194	MB3u-55	OD2	4	0.0468401039762657	0.997924701663976
1195	MB3u-55	OD3	4	0.0457784322838934	0.979123092657099
1196	MB3u-55	OD4	4	0.0448119652334901	0.967198180282729
1197	MB3u-55	OD5	4	0.0446205201803606	0.970748880651107
1198	MB3u-55	OD6	4	0.044293119097543	0.980946806258029
1199	MB3u-55	OD7	4	0.0453333381769521	0.997782585640617
1200	MB3u-55	OD8	4	0.0446034025105933	0.998528170608657
1201	MB3u-55	OD1	11	0.0605480608035736	0.992455893552524
1202	MB3u-55	OD2	11	0.0560875578344969	0.992022563199612
1203	MB3u-55	OD3	11	0.0553517539061406	0.991226172430512
1204	MB3u-55	OD4	11	0.0558142198247914	0.987591472262562
1205	MB3u-55	OD5	11	0.0569088333708941	0.990844142329378
1206	MB3u-55	OD6	11	0.0536477997288975	0.994823314824814
1207	MB3u-55	OD7	11	0.0559552472558098	0.993682699954005
1208	MB3u-55	OD8	11	0.0631496773039357	0.994524679007423
1209	MB3u-55	OD1	17	0.0130651469812027	0.993936801164344
1210	MB3u-55	OD2	17	0.0114061215504779	0.997583436486783
1211	MB3u-55	OD3	17	0.0137664909760529	0.989370469527792
1212	MB3u-55	OD4	17	0.0137768664168017	0.996630689294138
1213	MB3u-55	OD5	17	0.00929441185254425	0.995228663601921
1214	MB3u-55	OD6	17	0.0074807308026385	0.996354322901526
1215	MB3u-55	OD7	17	0.00570800515206507	0.996175210983343
1216	MB3u-55	OD8	17	0.00695430013876967	0.978215618116314
1217	MB3u-64	OD1	-1	0.0287144014735906	0.996550169738408
1218	MB3u-64	OD2	-1	0.0310587265888432	0.995221616182912
1219	MB3u-64	OD3	-1	0.0256346828677428	0.996298383797883
1220	MB3u-64	OD4	-1	0.0245590201290788	0.994329466449
1221	MB3u-64	OD5	-1	0.0250551558418117	0.994929679742842
1222	MB3u-64	OD6	-1	0.0248729055210109	0.996612833063746
1223	MB3u-64	OD7	-1	0.0287630200423546	0.997301063705078
1224	MB3u-64	OD8	-1	0.0330542849585134	0.991005308497824
1225	MB3u-64	OD1	4	0.0495258484103465	0.997106224477823
1226	MB3u-64	OD2	4	0.0468656420008923	0.973047617046087
1227	MB3u-64	OD3	4	0.0417567691151292	0.955596151454005
1228	MB3u-64	OD4	4	0.0403066815233046	0.946935333901946
1229	MB3u-64	OD5	4	0.0409837598358451	0.94702292897913
1230	MB3u-64	OD6	4	0.040640394118046	0.948771654229422
1231	MB3u-64	OD7	4	0.0467775679528796	0.963208083527316
1232	MB3u-64	OD8	4	0.0418922797675035	0.995975523716518
1233	MB3u-64	OD1	11	0.0343238533835913	0.998442698119156
1234	MB3u-64	OD2	11	0.0214862962259822	0.995690518742066
1235	MB3u-64	OD3	11	0.0158591865520915	0.995144856644177
1236	MB3u-64	OD4	11	0.0211378252226304	0.996999808933578
1237	MB3u-64	OD5	11	0.0194822546478064	0.995226917519957
1238	MB3u-64	OD6	11	0.019576592634859	0.992905144623666
1239	MB3u-64	OD7	11	0.0175853848193749	0.986740296630464
1240	MB3u-64	OD8	11	0.0210745737195538	0.98528392059927
1241	MB3u-64	OD1	17	0.00208793135404401	0.665012450249301
1242	MB3u-64	OD2	17	0.00065983853381043	0.428747476218406
1243	MB3u-64	OD3	17	0.0178271980611319	0.840365011860388
1244	MB3u-64	OD4	17	0.0155082722807296	0.857968954720334
1245	MB3u-64	OD5	17	0.0191620198216943	0.883003332302383
1246	MB3u-64	OD6	17	0.0214984274192401	0.906376623400098
1247	MB3u-64	OD7	17	0.0208946863371447	0.872652167270693
1248	MB3u-64	OD8	17	0.00112026908420766	0.590314216070923
1249	MB3u-70	OD1	-1	0.0307487149364451	0.991980074740789
1250	MB3u-70	OD2	-1	0.025347946094644	0.985685063268313
1251	MB3u-70	OD3	-1	0.0270098759415314	0.992983682003558
1252	MB3u-70	OD4	-1	0.0254867700994016	0.993909101378258
1253	MB3u-70	OD5	-1	0.0250934574567798	0.992721474907998
1254	MB3u-70	OD6	-1	0.0239229064808703	0.995631134733886
1255	MB3u-70	OD7	-1	0.030126740354332	0.994430008773697
1256	MB3u-70	OD8	-1	0.0274617574802481	0.99617481313445
1257	MB3u-70	OD1	4	0.0440325022169725	0.998271512525107
1258	MB3u-70	OD2	4	0.0403395440101547	0.997722979097748
1259	MB3u-70	OD3	4	0.0355627027413872	0.949016061108922
1260	MB3u-70	OD4	4	0.0271126389530746	0.930501156746656
1261	MB3u-70	OD5	4	0.0271810348163539	0.930752865908691
1262	MB3u-70	OD6	4	0.034964528648413	0.949783507762953
1263	MB3u-70	OD7	4	0.037922113532702	0.965464961956305
1264	MB3u-70	OD8	4	0.0362329933471594	0.998176658816972
1265	MB3u-70	OD1	11	0.0382873759977086	0.995958574579051
1266	MB3u-70	OD2	11	0.0366788797034395	0.987961997972041
1267	MB3u-70	OD3	11	0.031243174466298	0.994504415355101
1268	MB3u-70	OD4	11	0.0255657457527735	0.994855408968896
1269	MB3u-70	OD5	11	0.0297652736444061	0.992918645289573
1270	MB3u-70	OD6	11	0.0291339439712521	0.990873379814201
1271	MB3u-70	OD7	11	0.0337696130024169	0.995841231759612
1272	MB3u-70	OD8	11	0.0403558183114849	0.996292474310985
1273	MB3u-70	OD1	17	0.0040339895486271	0.796279988169502
1274	MB3u-70	OD2	17	0.00419571930918229	0.918403003250865
1275	MB3u-70	OD3	17	0.00791447560984568	0.776573848282794
1276	MB3u-70	OD4	17	0.0154385866218192	0.856609854892129
1277	MB3u-70	OD5	17	0.0208198119517844	0.867111714776405
1278	MB3u-70	OD6	17	0.0180169092172515	0.878285247787923
1279	MB3u-70	OD7	17	0.00495116656859376	0.696950010730033
1280	MB3u-70	OD8	17	0.00166684007757752	0.815251999679467
1281	MB3u-8	OD1	-1	0.0310190530845471	0.998975502951457
1282	MB3u-8	OD2	-1	0.0319110752246267	0.999058172544819
1283	MB3u-8	OD3	-1	0.0347201916989539	0.998952916326216
1284	MB3u-8	OD4	-1	0.0347294053783272	0.999153071085528
1285	MB3u-8	OD5	-1	0.0353687193851427	0.998721288384114
1286	MB3u-8	OD6	-1	0.0327356085942935	0.999124960344896
1287	MB3u-8	OD7	-1	0.0322037660820655	0.998736720467603
1288	MB3u-8	OD8	-1	0.0299824437614399	0.998397594797366
1289	MB3u-8	OD1	4	0.034656558295918	0.99741115055251
1290	MB3u-8	OD2	4	0.0349474226921031	0.877049564710701
1291	MB3u-8	OD3	4	0.0363169733563723	0.882664113458784
1292	MB3u-8	OD4	4	0.0340504060939576	0.88711704058815
1293	MB3u-8	OD5	4	0.0333109298364729	0.878107126322768
1294	MB3u-8	OD6	4	0.032709819001658	0.878728202628298
1295	MB3u-8	OD7	4	0.0324568487314762	0.88863015879349
1296	MB3u-8	OD8	4	0.0325688814120551	0.994878177703694
1297	MB3u-8	OD1	11	0.0424446800647933	0.998859572846376
1298	MB3u-8	OD2	11	0.0400427691423412	0.99780612518802
1299	MB3u-8	OD3	11	0.0402410201851201	0.997333517754737
1300	MB3u-8	OD4	11	0.0407862360601569	0.99782865067101
1301	MB3u-8	OD5	11	0.0398990289338485	0.997956595046556
1302	MB3u-8	OD6	11	0.0390592306915683	0.994397894448732
1303	MB3u-8	OD7	11	0.0407801694755666	0.99637524832122
1304	MB3u-8	OD8	11	0.0435609372101616	0.998716390748766
1305	MB3u-8	OD1	17	0.00967129732007816	0.978152234906786
1306	MB3u-8	OD2	17	0.00887855007657631	0.980827947999884
1307	MB3u-8	OD3	17	0.0102116694737307	0.989945118213601
1308	MB3u-8	OD4	17	0.0111133359817341	0.974771444581501
1309	MB3u-8	OD5	17	0.0116953002079632	0.987565379071302
1310	MB3u-8	OD6	17	0.0100594692033586	0.973134317970024
1311	MB3u-8	OD7	17	0.00864461887562937	0.976575325821751
1312	MB3u-8	OD8	17	0.00698624783352059	0.977482044460291
1313	UT-16	OD1	-1	0.0358017581666173	0.99748474153196
1314	UT-16	OD2	-1	0.031558218842215	0.992587968660304
1315	UT-16	OD3	-1	0.0242222410402651	0.97420000303288
1316	UT-16	OD4	-1	0.0310178629698581	0.994333206340563
1317	UT-16	OD5	-1	0.0353106962965531	0.995765788211815
1318	UT-16	OD6	-1	0.0290888321186988	0.993774659395371
1319	UT-16	OD7	-1	0.031585402023387	0.989803443213204
1320	UT-16	OD8	-1	0.0310839580766595	0.995700116734242
1321	UT-16	OD1	4	0.0426394131595983	0.952376060650943
1322	UT-16	OD2	4	0.0371046547471603	0.896458111788526
1323	UT-16	OD3	4	0.0360882734137361	0.884683379961701
1324	UT-16	OD4	4	0.0383831246830101	0.909749587338327
1325	UT-16	OD5	4	0.0398998036164847	0.922815638824287
1326	UT-16	OD6	4	0.0331984491852565	0.911412992951876
1327	UT-16	OD7	4	0.0378783157978078	0.924810922646092
1328	UT-16	OD8	4	0.0360848721990646	0.995127998816483
1329	UT-16	OD1	11	0.0501340375961735	0.992828380886078
1330	UT-16	OD2	11	0.0427606524143718	0.994851506405834
1331	UT-16	OD3	11	0.0393837313087587	0.99394058829796
1332	UT-16	OD4	11	0.0377366977433426	0.993071791693131
1333	UT-16	OD5	11	0.0367301919124151	0.991084719967357
1334	UT-16	OD6	11	0.0391482158972041	0.993299661589846
1335	UT-16	OD7	11	0.0389915689239065	0.995132242354999
1336	UT-16	OD8	11	0.0470057942458028	0.993845477800753
1337	UT-16	OD1	17	0.0700774275449955	0.996819546272062
1338	UT-16	OD2	17	0.0613179497979567	0.997083766359731
1339	UT-16	OD3	17	0.067258504841294	0.998238971045183
1340	UT-16	OD4	17	0.063355660381138	0.999693078201045
1341	UT-16	OD5	17	0.0613697212969145	0.999388268583939
1342	UT-16	OD6	17	0.0618135684419892	0.998769676823175
1343	UT-16	OD7	17	0.0643487204022309	0.998645047095191
1344	UT-16	OD8	17	0.0595617120596133	0.992349981807145
1345	UT-18	OD1	-1	0.0200336280828679	0.998849527764136
1346	UT-18	OD2	-1	0.0194041061991273	0.997536623812087
1347	UT-18	OD3	-1	0.0212840912777369	0.997383036788603
1348	UT-18	OD4	-1	0.0221179579934566	0.996399036599908
1349	UT-18	OD5	-1	0.0277788808780391	0.996344338364716
1350	UT-18	OD6	-1	0.0249621044342335	0.99582880869117
1351	UT-18	OD7	-1	0.0224321648701941	0.997537805228925
1352	UT-18	OD8	-1	0.0213411406435233	0.99795534932679
1353	UT-18	OD1	4	0.0336955435977703	0.997352174567319
1354	UT-18	OD2	4	0.0329652111279679	0.997852194681433
1355	UT-18	OD3	4	0.0307685925879426	0.998000210986498
1356	UT-18	OD4	4	0.0324554268758217	0.997424674864441
1357	UT-18	OD5	4	0.0322876913482387	0.997163076672788
1358	UT-18	OD6	4	0.0315872013512148	0.997804328700072
1359	UT-18	OD7	4	0.032916782500251	0.997499853761497
1360	UT-18	OD8	4	0.0321108717125049	0.997759753767647
1361	UT-18	OD1	11	0.0378741768611551	0.996628625613191
1362	UT-18	OD2	11	0.0434026058933804	0.988166984959835
1363	UT-18	OD3	11	0.0397923662385242	0.984862827371794
1364	UT-18	OD4	11	0.0394549208042727	0.988251009775547
1365	UT-18	OD5	11	0.041339981901964	0.984859423228462
1366	UT-18	OD6	11	0.0368847382842689	0.991870463783766
1367	UT-18	OD7	11	0.0400852439482063	0.989079431525145
1368	UT-18	OD8	11	0.0424322157991441	0.99471924515546
1369	UT-18	OD1	17	0.0887367863702954	0.999216618038537
1370	UT-18	OD2	17	0.064808503962969	0.999208677049127
1371	UT-18	OD3	17	0.0674600926206379	0.999374970904809
1372	UT-18	OD4	17	0.0672064437809468	0.99832999773054
1373	UT-18	OD5	17	0.0718931568443373	0.998718268756689
1374	UT-18	OD6	17	0.0703963847389709	0.998472153332546
1375	UT-18	OD7	17	0.0712339648370894	0.998213178303181
1376	UT-18	OD8	17	0.0801786086287559	0.998216568796108
1377	UT-19	OD1	-1	0.01816488480816	0.997022383400973
1378	UT-19	OD2	-1	0.0170596440207681	0.990207299814012
1379	UT-19	OD3	-1	0.0167266095691891	0.993545092600435
1380	UT-19	OD4	-1	0.0165353496550858	0.995203755234325
1381	UT-19	OD5	-1	0.0170008549475205	0.997340028888214
1382	UT-19	OD6	-1	0.0170297468763532	0.996586606153467
1383	UT-19	OD7	-1	0.019547095283349	0.994949103455489
1384	UT-19	OD8	-1	0.025972848981709	0.996262507698618
1385	UT-19	OD1	4	0.0317943825168403	0.993677529681013
1386	UT-19	OD2	4	0.0271661168896198	0.983585961331319
1387	UT-19	OD3	4	0.0337369902591424	0.987675260447338
1388	UT-19	OD4	4	0.0329558701885927	0.989172014564099
1389	UT-19	OD5	4	0.0345119911278968	0.986582105200564
1390	UT-19	OD6	4	0.0313292822286042	0.985594779387633
1391	UT-19	OD7	4	0.0249556124567554	0.990485650063406
1392	UT-19	OD8	4	0.0332316293889424	0.996777611471528
1393	UT-19	OD1	11	0.0384343463675038	0.995722098731091
1394	UT-19	OD2	11	0.0358769730037033	0.973027182838725
1395	UT-19	OD3	11	0.0306846432928128	0.96664109914595
1396	UT-19	OD4	11	0.0326192639215125	0.954667074377036
1397	UT-19	OD5	11	0.0338638485912518	0.920996336940411
1398	UT-19	OD6	11	0.030702022432252	0.95675403313853
1399	UT-19	OD7	11	0.0330703284602707	0.959248752254904
1400	UT-19	OD8	11	0.0374050675861877	0.996325653723274
1401	UT-19	OD1	17	0.0876027481184418	0.998666317518535
1402	UT-19	OD2	17	0.0749592764881508	0.988497525713451
1403	UT-19	OD3	17	0.0671314588109424	0.995414544501172
1404	UT-19	OD4	17	0.0641448363812711	0.994345820628951
1405	UT-19	OD5	17	0.0668998114880402	0.997163305268479
1406	UT-19	OD6	17	0.063823013824531	0.998922853278875
1407	UT-19	OD7	17	0.063359576363242	0.998898143834544
1408	UT-19	OD8	17	0.0703962939352413	0.996895957805732
1409	UT-20	OD1	-1	0.0190648133875194	0.998353953701524
1410	UT-20	OD2	-1	0.0192284809003509	0.996810226661598
1411	UT-20	OD3	-1	0.016964747849749	0.995590228892238
1412	UT-20	OD4	-1	0.0180843413047644	0.997195739082303
1413	UT-20	OD5	-1	0.0201851306282658	0.99858844541934
1414	UT-20	OD6	-1	0.0189216810487876	0.99906993621302
1415	UT-20	OD7	-1	0.0210026455654597	0.997289734063312
1416	UT-20	OD8	-1	0.0230658246474528	0.998442759351688
1417	UT-20	OD1	4	0.0368076739308699	0.997860006310171
1418	UT-20	OD2	4	0.0278788254286326	0.994355902539702
1419	UT-20	OD3	4	0.0298199470524525	0.991953510765157
1420	UT-20	OD4	4	0.0368851652406513	0.985130347856014
1421	UT-20	OD5	4	0.0361680789829421	0.987416753268987
1422	UT-20	OD6	4	0.0305999734335766	0.989922026580643
1423	UT-20	OD7	4	0.0280425323656907	0.997966340783907
1424	UT-20	OD8	4	0.0331285739657257	0.996358834915559
1425	UT-20	OD1	11	0.0380233843070101	0.996615704235894
1426	UT-20	OD2	11	0.0346326657641374	0.968173771926176
1427	UT-20	OD3	11	0.0309162312821082	0.963931499680197
1428	UT-20	OD4	11	0.0322846799213221	0.968402446902611
1429	UT-20	OD5	11	0.0326900053388856	0.964011663644951
1430	UT-20	OD6	11	0.0316420358097591	0.971815017351554
1431	UT-20	OD7	11	0.0363205560589895	0.968652555452671
1432	UT-20	OD8	11	0.0373080340260676	0.996695206269822
1433	UT-20	OD1	17	0.100274081568208	0.997683530735924
1434	UT-20	OD2	17	0.083220635402415	0.992633385004322
1435	UT-20	OD3	17	0.0803657300639432	0.990184963339356
1436	UT-20	OD4	17	0.077493795121474	0.99476867899584
1437	UT-20	OD5	17	0.0738256696973314	0.996202013730068
1438	UT-20	OD6	17	0.0689864955383389	0.996603134891085
1439	UT-20	OD7	17	0.0593398849825212	0.998123563009406
1440	UT-20	OD8	17	0.0643830350467181	0.999073014563531
